time;value;datasource_id
1;18.71;kit_trials_exp_1_05.11.2018_fo4
2;18.71;kit_trials_exp_1_05.11.2018_fo4
3;19.25;kit_trials_exp_1_05.11.2018_fo4
4;19.25;kit_trials_exp_1_05.11.2018_fo4
5;18.7;kit_trials_exp_1_05.11.2018_fo4
6;18.7;kit_trials_exp_1_05.11.2018_fo4
7;19.04;kit_trials_exp_1_05.11.2018_fo4
8;19.04;kit_trials_exp_1_05.11.2018_fo4
9;19.04;kit_trials_exp_1_05.11.2018_fo4
10;18.4;kit_trials_exp_1_05.11.2018_fo4
11;18.4;kit_trials_exp_1_05.11.2018_fo4
12;18.51;kit_trials_exp_1_05.11.2018_fo4
13;18.51;kit_trials_exp_1_05.11.2018_fo4
14;18.11;kit_trials_exp_1_05.11.2018_fo4
15;18.11;kit_trials_exp_1_05.11.2018_fo4
16;18.7;kit_trials_exp_1_05.11.2018_fo4
17;18.7;kit_trials_exp_1_05.11.2018_fo4
18;18.18;kit_trials_exp_1_05.11.2018_fo4
19;18.18;kit_trials_exp_1_05.11.2018_fo4
20;18.7;kit_trials_exp_1_05.11.2018_fo4
21;18.7;kit_trials_exp_1_05.11.2018_fo4
22;18.7;kit_trials_exp_1_05.11.2018_fo4
23;18.19;kit_trials_exp_1_05.11.2018_fo4
24;18.19;kit_trials_exp_1_05.11.2018_fo4
25;18.61;kit_trials_exp_1_05.11.2018_fo4
26;18.61;kit_trials_exp_1_05.11.2018_fo4
27;18.51;kit_trials_exp_1_05.11.2018_fo4
28;18.51;kit_trials_exp_1_05.11.2018_fo4
29;17.98;kit_trials_exp_1_05.11.2018_fo4
30;17.98;kit_trials_exp_1_05.11.2018_fo4
31;17.77;kit_trials_exp_1_05.11.2018_fo4
32;17.77;kit_trials_exp_1_05.11.2018_fo4
33;17.77;kit_trials_exp_1_05.11.2018_fo4
34;17.98;kit_trials_exp_1_05.11.2018_fo4
35;17.98;kit_trials_exp_1_05.11.2018_fo4
36;18.09;kit_trials_exp_1_05.11.2018_fo4
37;18.09;kit_trials_exp_1_05.11.2018_fo4
38;17.78;kit_trials_exp_1_05.11.2018_fo4
39;17.78;kit_trials_exp_1_05.11.2018_fo4
40;17.78;kit_trials_exp_1_05.11.2018_fo4
41;17.68;kit_trials_exp_1_05.11.2018_fo4
42;17.68;kit_trials_exp_1_05.11.2018_fo4
43;18.61;kit_trials_exp_1_05.11.2018_fo4
44;18.61;kit_trials_exp_1_05.11.2018_fo4
45;17.27;kit_trials_exp_1_05.11.2018_fo4
46;17.27;kit_trials_exp_1_05.11.2018_fo4
47;18.61;kit_trials_exp_1_05.11.2018_fo4
48;18.61;kit_trials_exp_1_05.11.2018_fo4
49;18.19;kit_trials_exp_1_05.11.2018_fo4
50;18.19;kit_trials_exp_1_05.11.2018_fo4
51;18.18;kit_trials_exp_1_05.11.2018_fo4
52;18.18;kit_trials_exp_1_05.11.2018_fo4
53;17.88;kit_trials_exp_1_05.11.2018_fo4
54;17.88;kit_trials_exp_1_05.11.2018_fo4
55;17.98;kit_trials_exp_1_05.11.2018_fo4
56;17.98;kit_trials_exp_1_05.11.2018_fo4
57;18.09;kit_trials_exp_1_05.11.2018_fo4
58;18.09;kit_trials_exp_1_05.11.2018_fo4
59;18.09;kit_trials_exp_1_05.11.2018_fo4
60;17.88;kit_trials_exp_1_05.11.2018_fo4
61;17.88;kit_trials_exp_1_05.11.2018_fo4
62;17.98;kit_trials_exp_1_05.11.2018_fo4
63;17.98;kit_trials_exp_1_05.11.2018_fo4
64;17.56;kit_trials_exp_1_05.11.2018_fo4
65;17.56;kit_trials_exp_1_05.11.2018_fo4
66;17.77;kit_trials_exp_1_05.11.2018_fo4
67;17.77;kit_trials_exp_1_05.11.2018_fo4
68;17.88;kit_trials_exp_1_05.11.2018_fo4
69;17.88;kit_trials_exp_1_05.11.2018_fo4
70;17.98;kit_trials_exp_1_05.11.2018_fo4
71;17.98;kit_trials_exp_1_05.11.2018_fo4
72;17.57;kit_trials_exp_1_05.11.2018_fo4
73;17.57;kit_trials_exp_1_05.11.2018_fo4
74;17.57;kit_trials_exp_1_05.11.2018_fo4
75;17.87;kit_trials_exp_1_05.11.2018_fo4
76;17.87;kit_trials_exp_1_05.11.2018_fo4
77;17.55;kit_trials_exp_1_05.11.2018_fo4
78;17.55;kit_trials_exp_1_05.11.2018_fo4
79;18.09;kit_trials_exp_1_05.11.2018_fo4
80;18.09;kit_trials_exp_1_05.11.2018_fo4
81;17.68;kit_trials_exp_1_05.11.2018_fo4
82;17.68;kit_trials_exp_1_05.11.2018_fo4
83;18.16;kit_trials_exp_1_05.11.2018_fo4
84;18.16;kit_trials_exp_1_05.11.2018_fo4
85;18.16;kit_trials_exp_1_05.11.2018_fo4
86;17.7;kit_trials_exp_1_05.11.2018_fo4
87;17.7;kit_trials_exp_1_05.11.2018_fo4
88;18.19;kit_trials_exp_1_05.11.2018_fo4
89;18.19;kit_trials_exp_1_05.11.2018_fo4
90;18.19;kit_trials_exp_1_05.11.2018_fo4
91;18.19;kit_trials_exp_1_05.11.2018_fo4
92;17.35;kit_trials_exp_1_05.11.2018_fo4
93;17.35;kit_trials_exp_1_05.11.2018_fo4
94;18.08;kit_trials_exp_1_05.11.2018_fo4
95;18.08;kit_trials_exp_1_05.11.2018_fo4
96;17.98;kit_trials_exp_1_05.11.2018_fo4
97;17.98;kit_trials_exp_1_05.11.2018_fo4
98;17.77;kit_trials_exp_1_05.11.2018_fo4
99;17.77;kit_trials_exp_1_05.11.2018_fo4
100;18.39;kit_trials_exp_1_05.11.2018_fo4
101;18.39;kit_trials_exp_1_05.11.2018_fo4
102;18.09;kit_trials_exp_1_05.11.2018_fo4
103;18.09;kit_trials_exp_1_05.11.2018_fo4
104;18.69;kit_trials_exp_1_05.11.2018_fo4
105;18.69;kit_trials_exp_1_05.11.2018_fo4
106;18.61;kit_trials_exp_1_05.11.2018_fo4
107;18.61;kit_trials_exp_1_05.11.2018_fo4
108;18.61;kit_trials_exp_1_05.11.2018_fo4
109;17.98;kit_trials_exp_1_05.11.2018_fo4
110;17.98;kit_trials_exp_1_05.11.2018_fo4
111;18.3;kit_trials_exp_1_05.11.2018_fo4
112;18.3;kit_trials_exp_1_05.11.2018_fo4
113;17.98;kit_trials_exp_1_05.11.2018_fo4
114;17.98;kit_trials_exp_1_05.11.2018_fo4
115;17.66;kit_trials_exp_1_05.11.2018_fo4
116;17.66;kit_trials_exp_1_05.11.2018_fo4
117;18.39;kit_trials_exp_1_05.11.2018_fo4
118;18.39;kit_trials_exp_1_05.11.2018_fo4
119;18.39;kit_trials_exp_1_05.11.2018_fo4
120;17.88;kit_trials_exp_1_05.11.2018_fo4
121;17.88;kit_trials_exp_1_05.11.2018_fo4
122;17.76;kit_trials_exp_1_05.11.2018_fo4
123;17.76;kit_trials_exp_1_05.11.2018_fo4
124;18.51;kit_trials_exp_1_05.11.2018_fo4
125;18.51;kit_trials_exp_1_05.11.2018_fo4
126;17.88;kit_trials_exp_1_05.11.2018_fo4
127;17.88;kit_trials_exp_1_05.11.2018_fo4
128;18.21;kit_trials_exp_1_05.11.2018_fo4
129;18.21;kit_trials_exp_1_05.11.2018_fo4
130;17.98;kit_trials_exp_1_05.11.2018_fo4
131;17.98;kit_trials_exp_1_05.11.2018_fo4
132;18.69;kit_trials_exp_1_05.11.2018_fo4
133;18.69;kit_trials_exp_1_05.11.2018_fo4
134;18.69;kit_trials_exp_1_05.11.2018_fo4
135;18.69;kit_trials_exp_1_05.11.2018_fo4
136;18.69;kit_trials_exp_1_05.11.2018_fo4
137;18.9;kit_trials_exp_1_05.11.2018_fo4
138;18.9;kit_trials_exp_1_05.11.2018_fo4
139;18.61;kit_trials_exp_1_05.11.2018_fo4
140;18.61;kit_trials_exp_1_05.11.2018_fo4
141;18.29;kit_trials_exp_1_05.11.2018_fo4
142;18.29;kit_trials_exp_1_05.11.2018_fo4
143;17.66;kit_trials_exp_1_05.11.2018_fo4
144;17.66;kit_trials_exp_1_05.11.2018_fo4
145;17.66;kit_trials_exp_1_05.11.2018_fo4
146;17.66;kit_trials_exp_1_05.11.2018_fo4
147;17.66;kit_trials_exp_1_05.11.2018_fo4
148;17.66;kit_trials_exp_1_05.11.2018_fo4
149;17.66;kit_trials_exp_1_05.11.2018_fo4
150;17.98;kit_trials_exp_1_05.11.2018_fo4
151;17.98;kit_trials_exp_1_05.11.2018_fo4
152;17.77;kit_trials_exp_1_05.11.2018_fo4
153;17.77;kit_trials_exp_1_05.11.2018_fo4
154;18.61;kit_trials_exp_1_05.11.2018_fo4
155;18.61;kit_trials_exp_1_05.11.2018_fo4
156;18.39;kit_trials_exp_1_05.11.2018_fo4
157;18.39;kit_trials_exp_1_05.11.2018_fo4
158;17.98;kit_trials_exp_1_05.11.2018_fo4
159;17.98;kit_trials_exp_1_05.11.2018_fo4
160;18.29;kit_trials_exp_1_05.11.2018_fo4
161;18.29;kit_trials_exp_1_05.11.2018_fo4
162;19.03;kit_trials_exp_1_05.11.2018_fo4
163;19.03;kit_trials_exp_1_05.11.2018_fo4
164;19.03;kit_trials_exp_1_05.11.2018_fo4
165;17.05;kit_trials_exp_1_05.11.2018_fo4
166;17.05;kit_trials_exp_1_05.11.2018_fo4
167;16.24;kit_trials_exp_1_05.11.2018_fo4
168;16.24;kit_trials_exp_1_05.11.2018_fo4
169;20.25;kit_trials_exp_1_05.11.2018_fo4
170;20.25;kit_trials_exp_1_05.11.2018_fo4
171;14.81;kit_trials_exp_1_05.11.2018_fo4
172;14.81;kit_trials_exp_1_05.11.2018_fo4
173;14.18;kit_trials_exp_1_05.11.2018_fo4
174;14.18;kit_trials_exp_1_05.11.2018_fo4
175;13.97;kit_trials_exp_1_05.11.2018_fo4
176;14.51;kit_trials_exp_1_05.11.2018_fo4
177;14.51;kit_trials_exp_1_05.11.2018_fo4
178;14.1;kit_trials_exp_1_05.11.2018_fo4
179;14.1;kit_trials_exp_1_05.11.2018_fo4
180;13.77;kit_trials_exp_1_05.11.2018_fo4
181;13.77;kit_trials_exp_1_05.11.2018_fo4
182;13.97;kit_trials_exp_1_05.11.2018_fo4
183;13.97;kit_trials_exp_1_05.11.2018_fo4
184;14.18;kit_trials_exp_1_05.11.2018_fo4
185;13.89;kit_trials_exp_1_05.11.2018_fo4
186;13.89;kit_trials_exp_1_05.11.2018_fo4
187;13.88;kit_trials_exp_1_05.11.2018_fo4
188;13.88;kit_trials_exp_1_05.11.2018_fo4
189;13.97;kit_trials_exp_1_05.11.2018_fo4
190;13.97;kit_trials_exp_1_05.11.2018_fo4
191;14.82;kit_trials_exp_1_05.11.2018_fo4
192;13.67;kit_trials_exp_1_05.11.2018_fo4
193;13.67;kit_trials_exp_1_05.11.2018_fo4
194;14.1;kit_trials_exp_1_05.11.2018_fo4
195;14.1;kit_trials_exp_1_05.11.2018_fo4
196;14.6;kit_trials_exp_1_05.11.2018_fo4
197;14.6;kit_trials_exp_1_05.11.2018_fo4
198;14.49;kit_trials_exp_1_05.11.2018_fo4
199;14.08;kit_trials_exp_1_05.11.2018_fo4
200;14.08;kit_trials_exp_1_05.11.2018_fo4
201;14.49;kit_trials_exp_1_05.11.2018_fo4
202;14.49;kit_trials_exp_1_05.11.2018_fo4
203;14.69;kit_trials_exp_1_05.11.2018_fo4
204;14.69;kit_trials_exp_1_05.11.2018_fo4
205;14.39;kit_trials_exp_1_05.11.2018_fo4
206;14.3;kit_trials_exp_1_05.11.2018_fo4
207;14.3;kit_trials_exp_1_05.11.2018_fo4
208;13.97;kit_trials_exp_1_05.11.2018_fo4
209;13.97;kit_trials_exp_1_05.11.2018_fo4
210;13.88;kit_trials_exp_1_05.11.2018_fo4
211;13.88;kit_trials_exp_1_05.11.2018_fo4
212;14.08;kit_trials_exp_1_05.11.2018_fo4
213;13.55;kit_trials_exp_1_05.11.2018_fo4
214;13.55;kit_trials_exp_1_05.11.2018_fo4
215;13.35;kit_trials_exp_1_05.11.2018_fo4
216;13.35;kit_trials_exp_1_05.11.2018_fo4
217;13.67;kit_trials_exp_1_05.11.2018_fo4
218;13.67;kit_trials_exp_1_05.11.2018_fo4
219;13.97;kit_trials_exp_1_05.11.2018_fo4
220;13.97;kit_trials_exp_1_05.11.2018_fo4
221;13.46;kit_trials_exp_1_05.11.2018_fo4
222;16.46;kit_trials_exp_1_05.11.2018_fo4
223;16.46;kit_trials_exp_1_05.11.2018_fo4
224;16.82;kit_trials_exp_1_05.11.2018_fo4
225;16.82;kit_trials_exp_1_05.11.2018_fo4
226;14.29;kit_trials_exp_1_05.11.2018_fo4
227;14.29;kit_trials_exp_1_05.11.2018_fo4
228;13.88;kit_trials_exp_1_05.11.2018_fo4
229;13.76;kit_trials_exp_1_05.11.2018_fo4
230;13.76;kit_trials_exp_1_05.11.2018_fo4
231;13.88;kit_trials_exp_1_05.11.2018_fo4
232;13.88;kit_trials_exp_1_05.11.2018_fo4
233;13.89;kit_trials_exp_1_05.11.2018_fo4
234;13.89;kit_trials_exp_1_05.11.2018_fo4
235;14.08;kit_trials_exp_1_05.11.2018_fo4
236;14.08;kit_trials_exp_1_05.11.2018_fo4
237;13.35;kit_trials_exp_1_05.11.2018_fo4
238;13.97;kit_trials_exp_1_05.11.2018_fo4
239;13.97;kit_trials_exp_1_05.11.2018_fo4
240;14.18;kit_trials_exp_1_05.11.2018_fo4
241;14.18;kit_trials_exp_1_05.11.2018_fo4
242;13.97;kit_trials_exp_1_05.11.2018_fo4
243;13.55;kit_trials_exp_1_05.11.2018_fo4
244;13.55;kit_trials_exp_1_05.11.2018_fo4
245;13.77;kit_trials_exp_1_05.11.2018_fo4
246;13.77;kit_trials_exp_1_05.11.2018_fo4
247;13.46;kit_trials_exp_1_05.11.2018_fo4
248;13.46;kit_trials_exp_1_05.11.2018_fo4
249;13.67;kit_trials_exp_1_05.11.2018_fo4
250;13.76;kit_trials_exp_1_05.11.2018_fo4
251;13.76;kit_trials_exp_1_05.11.2018_fo4
252;13.55;kit_trials_exp_1_05.11.2018_fo4
253;13.55;kit_trials_exp_1_05.11.2018_fo4
254;13.97;kit_trials_exp_1_05.11.2018_fo4
255;13.97;kit_trials_exp_1_05.11.2018_fo4
256;13.88;kit_trials_exp_1_05.11.2018_fo4
257;13.88;kit_trials_exp_1_05.11.2018_fo4
258;13.67;kit_trials_exp_1_05.11.2018_fo4
259;13.67;kit_trials_exp_1_05.11.2018_fo4
260;13.76;kit_trials_exp_1_05.11.2018_fo4
261;13.88;kit_trials_exp_1_05.11.2018_fo4
262;13.88;kit_trials_exp_1_05.11.2018_fo4
263;13.56;kit_trials_exp_1_05.11.2018_fo4
264;13.56;kit_trials_exp_1_05.11.2018_fo4
265;13.88;kit_trials_exp_1_05.11.2018_fo4
266;13.88;kit_trials_exp_1_05.11.2018_fo4
267;13.46;kit_trials_exp_1_05.11.2018_fo4
268;13.67;kit_trials_exp_1_05.11.2018_fo4
269;13.67;kit_trials_exp_1_05.11.2018_fo4
270;13.35;kit_trials_exp_1_05.11.2018_fo4
271;13.35;kit_trials_exp_1_05.11.2018_fo4
272;13.35;kit_trials_exp_1_05.11.2018_fo4
273;13.25;kit_trials_exp_1_05.11.2018_fo4
274;13.25;kit_trials_exp_1_05.11.2018_fo4
275;13.15;kit_trials_exp_1_05.11.2018_fo4
276;13.15;kit_trials_exp_1_05.11.2018_fo4
277;13.67;kit_trials_exp_1_05.11.2018_fo4
278;13.67;kit_trials_exp_1_05.11.2018_fo4
279;13.25;kit_trials_exp_1_05.11.2018_fo4
280;13.25;kit_trials_exp_1_05.11.2018_fo4
281;13.86;kit_trials_exp_1_05.11.2018_fo4
282;13.86;kit_trials_exp_1_05.11.2018_fo4
283;13.89;kit_trials_exp_1_05.11.2018_fo4
284;13.89;kit_trials_exp_1_05.11.2018_fo4
285;13.46;kit_trials_exp_1_05.11.2018_fo4
286;13.46;kit_trials_exp_1_05.11.2018_fo4
287;13.48;kit_trials_exp_1_05.11.2018_fo4
288;13.48;kit_trials_exp_1_05.11.2018_fo4
289;13.96;kit_trials_exp_1_05.11.2018_fo4
290;13.96;kit_trials_exp_1_05.11.2018_fo4
291;14.18;kit_trials_exp_1_05.11.2018_fo4
292;14.18;kit_trials_exp_1_05.11.2018_fo4
293;14.82;kit_trials_exp_1_05.11.2018_fo4
294;14.82;kit_trials_exp_1_05.11.2018_fo4
295;14.82;kit_trials_exp_1_05.11.2018_fo4
296;13.77;kit_trials_exp_1_05.11.2018_fo4
297;13.77;kit_trials_exp_1_05.11.2018_fo4
298;14.9;kit_trials_exp_1_05.11.2018_fo4
299;14.9;kit_trials_exp_1_05.11.2018_fo4
300;14.51;kit_trials_exp_1_05.11.2018_fo4
301;14.51;kit_trials_exp_1_05.11.2018_fo4
302;15.32;kit_trials_exp_1_05.11.2018_fo4
303;15.32;kit_trials_exp_1_05.11.2018_fo4
304;14.81;kit_trials_exp_1_05.11.2018_fo4
305;14.81;kit_trials_exp_1_05.11.2018_fo4
306;15.44;kit_trials_exp_1_05.11.2018_fo4
307;15.44;kit_trials_exp_1_05.11.2018_fo4
308;15.44;kit_trials_exp_1_05.11.2018_fo4
309;15.43;kit_trials_exp_1_05.11.2018_fo4
310;15.43;kit_trials_exp_1_05.11.2018_fo4
311;16.04;kit_trials_exp_1_05.11.2018_fo4
312;16.04;kit_trials_exp_1_05.11.2018_fo4
313;15.74;kit_trials_exp_1_05.11.2018_fo4
314;15.74;kit_trials_exp_1_05.11.2018_fo4
315;15.73;kit_trials_exp_1_05.11.2018_fo4
316;15.73;kit_trials_exp_1_05.11.2018_fo4
317;16.37;kit_trials_exp_1_05.11.2018_fo4
318;16.37;kit_trials_exp_1_05.11.2018_fo4
319;16.37;kit_trials_exp_1_05.11.2018_fo4
320;15.53;kit_trials_exp_1_05.11.2018_fo4
321;15.53;kit_trials_exp_1_05.11.2018_fo4
322;16.36;kit_trials_exp_1_05.11.2018_fo4
323;16.36;kit_trials_exp_1_05.11.2018_fo4
324;16.37;kit_trials_exp_1_05.11.2018_fo4
325;16.37;kit_trials_exp_1_05.11.2018_fo4
326;16.36;kit_trials_exp_1_05.11.2018_fo4
327;16.36;kit_trials_exp_1_05.11.2018_fo4
328;16.65;kit_trials_exp_1_05.11.2018_fo4
329;16.65;kit_trials_exp_1_05.11.2018_fo4
330;17.24;kit_trials_exp_1_05.11.2018_fo4
331;17.24;kit_trials_exp_1_05.11.2018_fo4
332;17.24;kit_trials_exp_1_05.11.2018_fo4
333;17.25;kit_trials_exp_1_05.11.2018_fo4
334;17.25;kit_trials_exp_1_05.11.2018_fo4
335;17.87;kit_trials_exp_1_05.11.2018_fo4
336;17.87;kit_trials_exp_1_05.11.2018_fo4
337;17.65;kit_trials_exp_1_05.11.2018_fo4
338;17.65;kit_trials_exp_1_05.11.2018_fo4
339;17.65;kit_trials_exp_1_05.11.2018_fo4
340;18.6;kit_trials_exp_1_05.11.2018_fo4
341;18.6;kit_trials_exp_1_05.11.2018_fo4
342;19.01;kit_trials_exp_1_05.11.2018_fo4
343;19.01;kit_trials_exp_1_05.11.2018_fo4
344;19.21;kit_trials_exp_1_05.11.2018_fo4
345;19.21;kit_trials_exp_1_05.11.2018_fo4
346;19.21;kit_trials_exp_1_05.11.2018_fo4
347;19.21;kit_trials_exp_1_05.11.2018_fo4
348;19.94;kit_trials_exp_1_05.11.2018_fo4
349;19.94;kit_trials_exp_1_05.11.2018_fo4
350;20.36;kit_trials_exp_1_05.11.2018_fo4
351;20.36;kit_trials_exp_1_05.11.2018_fo4
352;20.36;kit_trials_exp_1_05.11.2018_fo4
353;20.44;kit_trials_exp_1_05.11.2018_fo4
354;20.44;kit_trials_exp_1_05.11.2018_fo4
355;20.25;kit_trials_exp_1_05.11.2018_fo4
356;20.25;kit_trials_exp_1_05.11.2018_fo4
357;20.36;kit_trials_exp_1_05.11.2018_fo4
358;20.36;kit_trials_exp_1_05.11.2018_fo4
359;21.19;kit_trials_exp_1_05.11.2018_fo4
360;21.19;kit_trials_exp_1_05.11.2018_fo4
361;21.3;kit_trials_exp_1_05.11.2018_fo4
362;21.3;kit_trials_exp_1_05.11.2018_fo4
363;22.01;kit_trials_exp_1_05.11.2018_fo4
364;22.01;kit_trials_exp_1_05.11.2018_fo4
365;22.21;kit_trials_exp_1_05.11.2018_fo4
366;22.21;kit_trials_exp_1_05.11.2018_fo4
367;22.21;kit_trials_exp_1_05.11.2018_fo4
368;22.92;kit_trials_exp_1_05.11.2018_fo4
369;22.92;kit_trials_exp_1_05.11.2018_fo4
370;22.42;kit_trials_exp_1_05.11.2018_fo4
371;22.42;kit_trials_exp_1_05.11.2018_fo4
372;22.93;kit_trials_exp_1_05.11.2018_fo4
373;22.93;kit_trials_exp_1_05.11.2018_fo4
374;23.25;kit_trials_exp_1_05.11.2018_fo4
375;23.25;kit_trials_exp_1_05.11.2018_fo4
376;23.46;kit_trials_exp_1_05.11.2018_fo4
377;23.46;kit_trials_exp_1_05.11.2018_fo4
378;23.46;kit_trials_exp_1_05.11.2018_fo4
379;24.48;kit_trials_exp_1_05.11.2018_fo4
380;24.48;kit_trials_exp_1_05.11.2018_fo4
381;24.39;kit_trials_exp_1_05.11.2018_fo4
382;24.39;kit_trials_exp_1_05.11.2018_fo4
383;24.06;kit_trials_exp_1_05.11.2018_fo4
384;24.06;kit_trials_exp_1_05.11.2018_fo4
385;24.69;kit_trials_exp_1_05.11.2018_fo4
386;24.69;kit_trials_exp_1_05.11.2018_fo4
387;25.73;kit_trials_exp_1_05.11.2018_fo4
388;25.73;kit_trials_exp_1_05.11.2018_fo4
389;25.73;kit_trials_exp_1_05.11.2018_fo4
390;25.41;kit_trials_exp_1_05.11.2018_fo4
391;25.41;kit_trials_exp_1_05.11.2018_fo4
392;25.73;kit_trials_exp_1_05.11.2018_fo4
393;25.73;kit_trials_exp_1_05.11.2018_fo4
394;25.74;kit_trials_exp_1_05.11.2018_fo4
395;25.74;kit_trials_exp_1_05.11.2018_fo4
396;25.83;kit_trials_exp_1_05.11.2018_fo4
397;25.83;kit_trials_exp_1_05.11.2018_fo4
398;26.03;kit_trials_exp_1_05.11.2018_fo4
399;26.03;kit_trials_exp_1_05.11.2018_fo4
400;26.45;kit_trials_exp_1_05.11.2018_fo4
401;26.45;kit_trials_exp_1_05.11.2018_fo4
402;26.45;kit_trials_exp_1_05.11.2018_fo4
403;26.75;kit_trials_exp_1_05.11.2018_fo4
404;26.75;kit_trials_exp_1_05.11.2018_fo4
405;26.45;kit_trials_exp_1_05.11.2018_fo4
406;26.45;kit_trials_exp_1_05.11.2018_fo4
407;26.98;kit_trials_exp_1_05.11.2018_fo4
408;26.98;kit_trials_exp_1_05.11.2018_fo4
409;27.28;kit_trials_exp_1_05.11.2018_fo4
410;27.28;kit_trials_exp_1_05.11.2018_fo4
411;27.28;kit_trials_exp_1_05.11.2018_fo4
412;27.5;kit_trials_exp_1_05.11.2018_fo4
413;27.5;kit_trials_exp_1_05.11.2018_fo4
414;27.8;kit_trials_exp_1_05.11.2018_fo4
415;27.8;kit_trials_exp_1_05.11.2018_fo4
416;27.98;kit_trials_exp_1_05.11.2018_fo4
417;27.98;kit_trials_exp_1_05.11.2018_fo4
418;28.79;kit_trials_exp_1_05.11.2018_fo4
419;28.79;kit_trials_exp_1_05.11.2018_fo4
420;28.89;kit_trials_exp_1_05.11.2018_fo4
421;28.89;kit_trials_exp_1_05.11.2018_fo4
422;28.6;kit_trials_exp_1_05.11.2018_fo4
423;28.6;kit_trials_exp_1_05.11.2018_fo4
424;29.21;kit_trials_exp_1_05.11.2018_fo4
425;29.21;kit_trials_exp_1_05.11.2018_fo4
426;29.21;kit_trials_exp_1_05.11.2018_fo4
427;29.31;kit_trials_exp_1_05.11.2018_fo4
428;29.31;kit_trials_exp_1_05.11.2018_fo4
429;29.74;kit_trials_exp_1_05.11.2018_fo4
430;29.74;kit_trials_exp_1_05.11.2018_fo4
431;29.52;kit_trials_exp_1_05.11.2018_fo4
432;29.52;kit_trials_exp_1_05.11.2018_fo4
433;29.4;kit_trials_exp_1_05.11.2018_fo4
434;29.4;kit_trials_exp_1_05.11.2018_fo4
435;30.36;kit_trials_exp_1_05.11.2018_fo4
436;30.36;kit_trials_exp_1_05.11.2018_fo4
437;30.36;kit_trials_exp_1_05.11.2018_fo4
438;30.36;kit_trials_exp_1_05.11.2018_fo4
439;30.36;kit_trials_exp_1_05.11.2018_fo4
440;30.34;kit_trials_exp_1_05.11.2018_fo4
441;30.34;kit_trials_exp_1_05.11.2018_fo4
442;31.38;kit_trials_exp_1_05.11.2018_fo4
443;31.38;kit_trials_exp_1_05.11.2018_fo4
444;32.4;kit_trials_exp_1_05.11.2018_fo4
445;32.4;kit_trials_exp_1_05.11.2018_fo4
446;32.62;kit_trials_exp_1_05.11.2018_fo4
447;32.62;kit_trials_exp_1_05.11.2018_fo4
448;32.62;kit_trials_exp_1_05.11.2018_fo4
449;33.35;kit_trials_exp_1_05.11.2018_fo4
450;33.35;kit_trials_exp_1_05.11.2018_fo4
451;33.25;kit_trials_exp_1_05.11.2018_fo4
452;33.25;kit_trials_exp_1_05.11.2018_fo4
453;33.84;kit_trials_exp_1_05.11.2018_fo4
454;33.84;kit_trials_exp_1_05.11.2018_fo4
455;34.38;kit_trials_exp_1_05.11.2018_fo4
456;34.38;kit_trials_exp_1_05.11.2018_fo4
457;34.38;kit_trials_exp_1_05.11.2018_fo4
458;34.38;kit_trials_exp_1_05.11.2018_fo4
459;35.09;kit_trials_exp_1_05.11.2018_fo4
460;35.09;kit_trials_exp_1_05.11.2018_fo4
461;35.39;kit_trials_exp_1_05.11.2018_fo4
462;35.39;kit_trials_exp_1_05.11.2018_fo4
463;36.11;kit_trials_exp_1_05.11.2018_fo4
464;36.11;kit_trials_exp_1_05.11.2018_fo4
465;36.11;kit_trials_exp_1_05.11.2018_fo4
466;36.02;kit_trials_exp_1_05.11.2018_fo4
467;36.02;kit_trials_exp_1_05.11.2018_fo4
468;36.32;kit_trials_exp_1_05.11.2018_fo4
469;36.32;kit_trials_exp_1_05.11.2018_fo4
470;36.53;kit_trials_exp_1_05.11.2018_fo4
471;36.53;kit_trials_exp_1_05.11.2018_fo4
472;36.64;kit_trials_exp_1_05.11.2018_fo4
473;36.64;kit_trials_exp_1_05.11.2018_fo4
474;36.75;kit_trials_exp_1_05.11.2018_fo4
475;36.75;kit_trials_exp_1_05.11.2018_fo4
476;37.46;kit_trials_exp_1_05.11.2018_fo4
477;37.46;kit_trials_exp_1_05.11.2018_fo4
478;37.46;kit_trials_exp_1_05.11.2018_fo4
479;37.98;kit_trials_exp_1_05.11.2018_fo4
480;37.98;kit_trials_exp_1_05.11.2018_fo4
481;38.2;kit_trials_exp_1_05.11.2018_fo4
482;38.2;kit_trials_exp_1_05.11.2018_fo4
483;38.5;kit_trials_exp_1_05.11.2018_fo4
484;38.5;kit_trials_exp_1_05.11.2018_fo4
485;38.5;kit_trials_exp_1_05.11.2018_fo4
486;38.68;kit_trials_exp_1_05.11.2018_fo4
487;38.68;kit_trials_exp_1_05.11.2018_fo4
488;39.01;kit_trials_exp_1_05.11.2018_fo4
489;39.01;kit_trials_exp_1_05.11.2018_fo4
490;39.9;kit_trials_exp_1_05.11.2018_fo4
491;39.9;kit_trials_exp_1_05.11.2018_fo4
492;40.42;kit_trials_exp_1_05.11.2018_fo4
493;40.42;kit_trials_exp_1_05.11.2018_fo4
494;40.23;kit_trials_exp_1_05.11.2018_fo4
495;40.23;kit_trials_exp_1_05.11.2018_fo4
496;40.86;kit_trials_exp_1_05.11.2018_fo4
497;40.86;kit_trials_exp_1_05.11.2018_fo4
498;42.5;kit_trials_exp_1_05.11.2018_fo4
499;42.5;kit_trials_exp_1_05.11.2018_fo4
500;42.5;kit_trials_exp_1_05.11.2018_fo4
501;42.91;kit_trials_exp_1_05.11.2018_fo4
502;42.91;kit_trials_exp_1_05.11.2018_fo4
503;42.79;kit_trials_exp_1_05.11.2018_fo4
504;42.79;kit_trials_exp_1_05.11.2018_fo4
505;44.36;kit_trials_exp_1_05.11.2018_fo4
506;44.36;kit_trials_exp_1_05.11.2018_fo4
507;44.47;kit_trials_exp_1_05.11.2018_fo4
508;44.47;kit_trials_exp_1_05.11.2018_fo4
509;45.46;kit_trials_exp_1_05.11.2018_fo4
510;45.46;kit_trials_exp_1_05.11.2018_fo4
511;46.08;kit_trials_exp_1_05.11.2018_fo4
512;46.08;kit_trials_exp_1_05.11.2018_fo4
513;46.5;kit_trials_exp_1_05.11.2018_fo4
514;46.5;kit_trials_exp_1_05.11.2018_fo4
515;46.5;kit_trials_exp_1_05.11.2018_fo4
516;47.76;kit_trials_exp_1_05.11.2018_fo4
517;47.76;kit_trials_exp_1_05.11.2018_fo4
518;47.94;kit_trials_exp_1_05.11.2018_fo4
519;47.94;kit_trials_exp_1_05.11.2018_fo4
520;49.1;kit_trials_exp_1_05.11.2018_fo4
521;49.1;kit_trials_exp_1_05.11.2018_fo4
522;49.1;kit_trials_exp_1_05.11.2018_fo4
523;49.28;kit_trials_exp_1_05.11.2018_fo4
524;49.28;kit_trials_exp_1_05.11.2018_fo4
525;49.82;kit_trials_exp_1_05.11.2018_fo4
526;49.82;kit_trials_exp_1_05.11.2018_fo4
527;50.91;kit_trials_exp_1_05.11.2018_fo4
528;50.91;kit_trials_exp_1_05.11.2018_fo4
529;52.46;kit_trials_exp_1_05.11.2018_fo4
530;52.46;kit_trials_exp_1_05.11.2018_fo4
531;52.46;kit_trials_exp_1_05.11.2018_fo4
532;52.68;kit_trials_exp_1_05.11.2018_fo4
533;52.68;kit_trials_exp_1_05.11.2018_fo4
534;53.91;kit_trials_exp_1_05.11.2018_fo4
535;53.91;kit_trials_exp_1_05.11.2018_fo4
536;54.95;kit_trials_exp_1_05.11.2018_fo4
537;54.95;kit_trials_exp_1_05.11.2018_fo4
538;54.32;kit_trials_exp_1_05.11.2018_fo4
539;54.32;kit_trials_exp_1_05.11.2018_fo4
540;55.96;kit_trials_exp_1_05.11.2018_fo4
541;55.96;kit_trials_exp_1_05.11.2018_fo4
542;57.83;kit_trials_exp_1_05.11.2018_fo4
543;57.83;kit_trials_exp_1_05.11.2018_fo4
544;59.9;kit_trials_exp_1_05.11.2018_fo4
545;59.9;kit_trials_exp_1_05.11.2018_fo4
546;59.9;kit_trials_exp_1_05.11.2018_fo4
547;62.15;kit_trials_exp_1_05.11.2018_fo4
548;62.15;kit_trials_exp_1_05.11.2018_fo4
549;63.71;kit_trials_exp_1_05.11.2018_fo4
550;63.71;kit_trials_exp_1_05.11.2018_fo4
551;65.21;kit_trials_exp_1_05.11.2018_fo4
552;65.21;kit_trials_exp_1_05.11.2018_fo4
553;67.29;kit_trials_exp_1_05.11.2018_fo4
554;67.29;kit_trials_exp_1_05.11.2018_fo4
555;67.29;kit_trials_exp_1_05.11.2018_fo4
556;68.43;kit_trials_exp_1_05.11.2018_fo4
557;68.43;kit_trials_exp_1_05.11.2018_fo4
558;69.98;kit_trials_exp_1_05.11.2018_fo4
559;69.98;kit_trials_exp_1_05.11.2018_fo4
560;71.03;kit_trials_exp_1_05.11.2018_fo4
561;71.03;kit_trials_exp_1_05.11.2018_fo4
562;73.56;kit_trials_exp_1_05.11.2018_fo4
563;73.56;kit_trials_exp_1_05.11.2018_fo4
564;74.4;kit_trials_exp_1_05.11.2018_fo4
565;74.4;kit_trials_exp_1_05.11.2018_fo4
566;74.4;kit_trials_exp_1_05.11.2018_fo4
567;76.05;kit_trials_exp_1_05.11.2018_fo4
568;76.05;kit_trials_exp_1_05.11.2018_fo4
569;77.51;kit_trials_exp_1_05.11.2018_fo4
570;77.51;kit_trials_exp_1_05.11.2018_fo4
571;79.14;kit_trials_exp_1_05.11.2018_fo4
572;79.14;kit_trials_exp_1_05.11.2018_fo4
573;79.25;kit_trials_exp_1_05.11.2018_fo4
574;79.25;kit_trials_exp_1_05.11.2018_fo4
575;81.32;kit_trials_exp_1_05.11.2018_fo4
576;81.32;kit_trials_exp_1_05.11.2018_fo4
577;82.75;kit_trials_exp_1_05.11.2018_fo4
578;82.75;kit_trials_exp_1_05.11.2018_fo4
579;82.75;kit_trials_exp_1_05.11.2018_fo4
580;83.84;kit_trials_exp_1_05.11.2018_fo4
581;83.84;kit_trials_exp_1_05.11.2018_fo4
582;85;kit_trials_exp_1_05.11.2018_fo4
583;85;kit_trials_exp_1_05.11.2018_fo4
584;86.93;kit_trials_exp_1_05.11.2018_fo4
585;86.93;kit_trials_exp_1_05.11.2018_fo4
586;88.21;kit_trials_exp_1_05.11.2018_fo4
587;88.21;kit_trials_exp_1_05.11.2018_fo4
588;88.63;kit_trials_exp_1_05.11.2018_fo4
589;88.63;kit_trials_exp_1_05.11.2018_fo4
590;90.47;kit_trials_exp_1_05.11.2018_fo4
591;90.47;kit_trials_exp_1_05.11.2018_fo4
592;91.51;kit_trials_exp_1_05.11.2018_fo4
593;91.51;kit_trials_exp_1_05.11.2018_fo4
594;91.51;kit_trials_exp_1_05.11.2018_fo4
595;93.66;kit_trials_exp_1_05.11.2018_fo4
596;93.66;kit_trials_exp_1_05.11.2018_fo4
597;94.55;kit_trials_exp_1_05.11.2018_fo4
598;95.89;kit_trials_exp_1_05.11.2018_fo4
599;95.89;kit_trials_exp_1_05.11.2018_fo4
600;96.31;kit_trials_exp_1_05.11.2018_fo4
601;96.31;kit_trials_exp_1_05.11.2018_fo4
602;96.31;kit_trials_exp_1_05.11.2018_fo4
603;98.29;kit_trials_exp_1_05.11.2018_fo4
604;98.29;kit_trials_exp_1_05.11.2018_fo4
605;98.79;kit_trials_exp_1_05.11.2018_fo4
606;98.79;kit_trials_exp_1_05.11.2018_fo4
607;99.74;kit_trials_exp_1_05.11.2018_fo4
608;99.74;kit_trials_exp_1_05.11.2018_fo4
609;100.05;kit_trials_exp_1_05.11.2018_fo4
610;100.05;kit_trials_exp_1_05.11.2018_fo4
611;100.55;kit_trials_exp_1_05.11.2018_fo4
612;100.55;kit_trials_exp_1_05.11.2018_fo4
613;102.72;kit_trials_exp_1_05.11.2018_fo4
614;102.72;kit_trials_exp_1_05.11.2018_fo4
615;104.16;kit_trials_exp_1_05.11.2018_fo4
616;104.16;kit_trials_exp_1_05.11.2018_fo4
617;103.86;kit_trials_exp_1_05.11.2018_fo4
618;103.86;kit_trials_exp_1_05.11.2018_fo4
619;105.4;kit_trials_exp_1_05.11.2018_fo4
620;105.4;kit_trials_exp_1_05.11.2018_fo4
621;105.4;kit_trials_exp_1_05.11.2018_fo4
622;106.05;kit_trials_exp_1_05.11.2018_fo4
623;106.05;kit_trials_exp_1_05.11.2018_fo4
624;105.71;kit_trials_exp_1_05.11.2018_fo4
625;105.71;kit_trials_exp_1_05.11.2018_fo4
626;106.72;kit_trials_exp_1_05.11.2018_fo4
627;106.72;kit_trials_exp_1_05.11.2018_fo4
628;106.72;kit_trials_exp_1_05.11.2018_fo4
629;105.62;kit_trials_exp_1_05.11.2018_fo4
630;105.62;kit_trials_exp_1_05.11.2018_fo4
631;105.5;kit_trials_exp_1_05.11.2018_fo4
632;105.5;kit_trials_exp_1_05.11.2018_fo4
633;106.72;kit_trials_exp_1_05.11.2018_fo4
634;106.72;kit_trials_exp_1_05.11.2018_fo4
635;106.59;kit_trials_exp_1_05.11.2018_fo4
636;106.59;kit_trials_exp_1_05.11.2018_fo4
637;106.9;kit_trials_exp_1_05.11.2018_fo4
638;106.9;kit_trials_exp_1_05.11.2018_fo4
639;107.02;kit_trials_exp_1_05.11.2018_fo4
640;107.02;kit_trials_exp_1_05.11.2018_fo4
641;107.33;kit_trials_exp_1_05.11.2018_fo4
642;107.33;kit_trials_exp_1_05.11.2018_fo4
643;106.49;kit_trials_exp_1_05.11.2018_fo4
644;106.49;kit_trials_exp_1_05.11.2018_fo4
645;107.53;kit_trials_exp_1_05.11.2018_fo4
646;107.53;kit_trials_exp_1_05.11.2018_fo4
647;107.32;kit_trials_exp_1_05.11.2018_fo4
648;107.32;kit_trials_exp_1_05.11.2018_fo4
649;107.32;kit_trials_exp_1_05.11.2018_fo4
650;107.63;kit_trials_exp_1_05.11.2018_fo4
651;107.63;kit_trials_exp_1_05.11.2018_fo4
652;107.64;kit_trials_exp_1_05.11.2018_fo4
653;107.64;kit_trials_exp_1_05.11.2018_fo4
654;107.23;kit_trials_exp_1_05.11.2018_fo4
655;107.23;kit_trials_exp_1_05.11.2018_fo4
656;107.94;kit_trials_exp_1_05.11.2018_fo4
657;107.94;kit_trials_exp_1_05.11.2018_fo4
658;108.56;kit_trials_exp_1_05.11.2018_fo4
659;108.56;kit_trials_exp_1_05.11.2018_fo4
660;106.93;kit_trials_exp_1_05.11.2018_fo4
661;106.93;kit_trials_exp_1_05.11.2018_fo4
662;106.93;kit_trials_exp_1_05.11.2018_fo4
663;109.2;kit_trials_exp_1_05.11.2018_fo4
664;109.2;kit_trials_exp_1_05.11.2018_fo4
665;109.71;kit_trials_exp_1_05.11.2018_fo4
666;109.71;kit_trials_exp_1_05.11.2018_fo4
667;108.67;kit_trials_exp_1_05.11.2018_fo4
668;108.67;kit_trials_exp_1_05.11.2018_fo4
669;108.67;kit_trials_exp_1_05.11.2018_fo4
670;109.61;kit_trials_exp_1_05.11.2018_fo4
671;109.61;kit_trials_exp_1_05.11.2018_fo4
672;110.44;kit_trials_exp_1_05.11.2018_fo4
673;110.44;kit_trials_exp_1_05.11.2018_fo4
674;110.03;kit_trials_exp_1_05.11.2018_fo4
675;110.03;kit_trials_exp_1_05.11.2018_fo4
676;110.12;kit_trials_exp_1_05.11.2018_fo4
677;110.12;kit_trials_exp_1_05.11.2018_fo4
678;110.43;kit_trials_exp_1_05.11.2018_fo4
679;110.43;kit_trials_exp_1_05.11.2018_fo4
680;109.27;kit_trials_exp_1_05.11.2018_fo4
681;109.27;kit_trials_exp_1_05.11.2018_fo4
682;109.19;kit_trials_exp_1_05.11.2018_fo4
683;109.19;kit_trials_exp_1_05.11.2018_fo4
684;107.94;kit_trials_exp_1_05.11.2018_fo4
685;107.94;kit_trials_exp_1_05.11.2018_fo4
686;106.7;kit_trials_exp_1_05.11.2018_fo4
687;106.7;kit_trials_exp_1_05.11.2018_fo4
688;107.84;kit_trials_exp_1_05.11.2018_fo4
689;107.84;kit_trials_exp_1_05.11.2018_fo4
690;107.33;kit_trials_exp_1_05.11.2018_fo4
691;107.33;kit_trials_exp_1_05.11.2018_fo4
692;107.54;kit_trials_exp_1_05.11.2018_fo4
693;107.54;kit_trials_exp_1_05.11.2018_fo4
694;106.59;kit_trials_exp_1_05.11.2018_fo4
695;106.59;kit_trials_exp_1_05.11.2018_fo4
696;106.23;kit_trials_exp_1_05.11.2018_fo4
697;106.23;kit_trials_exp_1_05.11.2018_fo4
698;105.78;kit_trials_exp_1_05.11.2018_fo4
699;105.78;kit_trials_exp_1_05.11.2018_fo4
700;106.58;kit_trials_exp_1_05.11.2018_fo4
701;106.58;kit_trials_exp_1_05.11.2018_fo4
702;106.58;kit_trials_exp_1_05.11.2018_fo4
703;106.58;kit_trials_exp_1_05.11.2018_fo4
704;105.61;kit_trials_exp_1_05.11.2018_fo4
705;105.61;kit_trials_exp_1_05.11.2018_fo4
706;105.62;kit_trials_exp_1_05.11.2018_fo4
707;105.62;kit_trials_exp_1_05.11.2018_fo4
708;105.82;kit_trials_exp_1_05.11.2018_fo4
709;105.82;kit_trials_exp_1_05.11.2018_fo4
710;105.62;kit_trials_exp_1_05.11.2018_fo4
711;105.62;kit_trials_exp_1_05.11.2018_fo4
712;105.4;kit_trials_exp_1_05.11.2018_fo4
713;105.4;kit_trials_exp_1_05.11.2018_fo4
714;105.4;kit_trials_exp_1_05.11.2018_fo4
715;103.95;kit_trials_exp_1_05.11.2018_fo4
716;103.76;kit_trials_exp_1_05.11.2018_fo4
717;103.76;kit_trials_exp_1_05.11.2018_fo4
718;102;kit_trials_exp_1_05.11.2018_fo4
719;102;kit_trials_exp_1_05.11.2018_fo4
720;101.79;kit_trials_exp_1_05.11.2018_fo4
721;101.79;kit_trials_exp_1_05.11.2018_fo4
722;102.72;kit_trials_exp_1_05.11.2018_fo4
723;102.72;kit_trials_exp_1_05.11.2018_fo4
724;103.01;kit_trials_exp_1_05.11.2018_fo4
725;103.01;kit_trials_exp_1_05.11.2018_fo4
726;102.39;kit_trials_exp_1_05.11.2018_fo4
727;102.39;kit_trials_exp_1_05.11.2018_fo4
728;102.09;kit_trials_exp_1_05.11.2018_fo4
729;102.09;kit_trials_exp_1_05.11.2018_fo4
730;101.87;kit_trials_exp_1_05.11.2018_fo4
731;101.87;kit_trials_exp_1_05.11.2018_fo4
732;101.87;kit_trials_exp_1_05.11.2018_fo4
733;102.37;kit_trials_exp_1_05.11.2018_fo4
734;101.26;kit_trials_exp_1_05.11.2018_fo4
735;101.26;kit_trials_exp_1_05.11.2018_fo4
736;101.06;kit_trials_exp_1_05.11.2018_fo4
737;101.06;kit_trials_exp_1_05.11.2018_fo4
738;101.06;kit_trials_exp_1_05.11.2018_fo4
739;101.15;kit_trials_exp_1_05.11.2018_fo4
740;101.15;kit_trials_exp_1_05.11.2018_fo4
741;100.55;kit_trials_exp_1_05.11.2018_fo4
742;100.55;kit_trials_exp_1_05.11.2018_fo4
743;100.13;kit_trials_exp_1_05.11.2018_fo4
744;100.13;kit_trials_exp_1_05.11.2018_fo4
745;99.9;kit_trials_exp_1_05.11.2018_fo4
746;99.9;kit_trials_exp_1_05.11.2018_fo4
747;100.54;kit_trials_exp_1_05.11.2018_fo4
748;100.54;kit_trials_exp_1_05.11.2018_fo4
749;98.91;kit_trials_exp_1_05.11.2018_fo4
750;98.91;kit_trials_exp_1_05.11.2018_fo4
751;99.2;kit_trials_exp_1_05.11.2018_fo4
752;99.2;kit_trials_exp_1_05.11.2018_fo4
753;99.83;kit_trials_exp_1_05.11.2018_fo4
754;99.83;kit_trials_exp_1_05.11.2018_fo4
755;100.25;kit_trials_exp_1_05.11.2018_fo4
756;100.25;kit_trials_exp_1_05.11.2018_fo4
757;99.52;kit_trials_exp_1_05.11.2018_fo4
758;99.52;kit_trials_exp_1_05.11.2018_fo4
759;99;kit_trials_exp_1_05.11.2018_fo4
760;99;kit_trials_exp_1_05.11.2018_fo4
761;98.17;kit_trials_exp_1_05.11.2018_fo4
762;98.17;kit_trials_exp_1_05.11.2018_fo4
763;98.57;kit_trials_exp_1_05.11.2018_fo4
764;98.57;kit_trials_exp_1_05.11.2018_fo4
765;100.31;kit_trials_exp_1_05.11.2018_fo4
766;100.31;kit_trials_exp_1_05.11.2018_fo4
767;98.88;kit_trials_exp_1_05.11.2018_fo4
768;98.88;kit_trials_exp_1_05.11.2018_fo4
769;98.88;kit_trials_exp_1_05.11.2018_fo4
770;98.06;kit_trials_exp_1_05.11.2018_fo4
771;98.06;kit_trials_exp_1_05.11.2018_fo4
772;98.17;kit_trials_exp_1_05.11.2018_fo4
773;98.17;kit_trials_exp_1_05.11.2018_fo4
774;97.64;kit_trials_exp_1_05.11.2018_fo4
775;97.64;kit_trials_exp_1_05.11.2018_fo4
776;97.56;kit_trials_exp_1_05.11.2018_fo4
777;97.56;kit_trials_exp_1_05.11.2018_fo4
778;97.96;kit_trials_exp_1_05.11.2018_fo4
779;97.96;kit_trials_exp_1_05.11.2018_fo4
780;97.54;kit_trials_exp_1_05.11.2018_fo4
781;97.54;kit_trials_exp_1_05.11.2018_fo4
782;97.54;kit_trials_exp_1_05.11.2018_fo4
783;97.54;kit_trials_exp_1_05.11.2018_fo4
784;98.16;kit_trials_exp_1_05.11.2018_fo4
785;98.16;kit_trials_exp_1_05.11.2018_fo4
786;97.76;kit_trials_exp_1_05.11.2018_fo4
787;97.76;kit_trials_exp_1_05.11.2018_fo4
788;98.37;kit_trials_exp_1_05.11.2018_fo4
789;98.37;kit_trials_exp_1_05.11.2018_fo4
790;97.85;kit_trials_exp_1_05.11.2018_fo4
791;97.85;kit_trials_exp_1_05.11.2018_fo4
792;97.14;kit_trials_exp_1_05.11.2018_fo4
793;97.14;kit_trials_exp_1_05.11.2018_fo4
794;97.64;kit_trials_exp_1_05.11.2018_fo4
795;97.64;kit_trials_exp_1_05.11.2018_fo4
796;97.23;kit_trials_exp_1_05.11.2018_fo4
797;97.23;kit_trials_exp_1_05.11.2018_fo4
798;96.93;kit_trials_exp_1_05.11.2018_fo4
799;96.93;kit_trials_exp_1_05.11.2018_fo4
800;96.31;kit_trials_exp_1_05.11.2018_fo4
801;96.31;kit_trials_exp_1_05.11.2018_fo4
802;96.2;kit_trials_exp_1_05.11.2018_fo4
803;96.2;kit_trials_exp_1_05.11.2018_fo4
804;95.78;kit_trials_exp_1_05.11.2018_fo4
805;95.78;kit_trials_exp_1_05.11.2018_fo4
806;95.88;kit_trials_exp_1_05.11.2018_fo4
807;95.88;kit_trials_exp_1_05.11.2018_fo4
808;96.72;kit_trials_exp_1_05.11.2018_fo4
809;96.72;kit_trials_exp_1_05.11.2018_fo4
810;96.29;kit_trials_exp_1_05.11.2018_fo4
811;96.29;kit_trials_exp_1_05.11.2018_fo4
812;96.29;kit_trials_exp_1_05.11.2018_fo4
813;96.29;kit_trials_exp_1_05.11.2018_fo4
814;95.15;kit_trials_exp_1_05.11.2018_fo4
815;95.15;kit_trials_exp_1_05.11.2018_fo4
816;94.39;kit_trials_exp_1_05.11.2018_fo4
817;94.39;kit_trials_exp_1_05.11.2018_fo4
818;95.15;kit_trials_exp_1_05.11.2018_fo4
819;95.15;kit_trials_exp_1_05.11.2018_fo4
820;95.08;kit_trials_exp_1_05.11.2018_fo4
821;95.08;kit_trials_exp_1_05.11.2018_fo4
822;95.48;kit_trials_exp_1_05.11.2018_fo4
823;95.48;kit_trials_exp_1_05.11.2018_fo4
824;94.69;kit_trials_exp_1_05.11.2018_fo4
825;94.69;kit_trials_exp_1_05.11.2018_fo4
826;94.69;kit_trials_exp_1_05.11.2018_fo4
827;94.69;kit_trials_exp_1_05.11.2018_fo4
828;94.69;kit_trials_exp_1_05.11.2018_fo4
829;95.35;kit_trials_exp_1_05.11.2018_fo4
830;94.27;kit_trials_exp_1_05.11.2018_fo4
831;94.27;kit_trials_exp_1_05.11.2018_fo4
832;95.1;kit_trials_exp_1_05.11.2018_fo4
833;95.1;kit_trials_exp_1_05.11.2018_fo4
834;95.48;kit_trials_exp_1_05.11.2018_fo4
835;95.48;kit_trials_exp_1_05.11.2018_fo4
836;94.39;kit_trials_exp_1_05.11.2018_fo4
837;94.39;kit_trials_exp_1_05.11.2018_fo4
838;93.95;kit_trials_exp_1_05.11.2018_fo4
839;93.95;kit_trials_exp_1_05.11.2018_fo4
840;94.16;kit_trials_exp_1_05.11.2018_fo4
841;94.16;kit_trials_exp_1_05.11.2018_fo4
842;93.55;kit_trials_exp_1_05.11.2018_fo4
843;93.55;kit_trials_exp_1_05.11.2018_fo4
844;93.85;kit_trials_exp_1_05.11.2018_fo4
845;93.85;kit_trials_exp_1_05.11.2018_fo4
846;94.37;kit_trials_exp_1_05.11.2018_fo4
847;94.37;kit_trials_exp_1_05.11.2018_fo4
848;94.37;kit_trials_exp_1_05.11.2018_fo4
849;93.41;kit_trials_exp_1_05.11.2018_fo4
850;93.41;kit_trials_exp_1_05.11.2018_fo4
851;92.52;kit_trials_exp_1_05.11.2018_fo4
852;92.52;kit_trials_exp_1_05.11.2018_fo4
853;93.14;kit_trials_exp_1_05.11.2018_fo4
854;93.14;kit_trials_exp_1_05.11.2018_fo4
855;92.93;kit_trials_exp_1_05.11.2018_fo4
856;92.93;kit_trials_exp_1_05.11.2018_fo4
857;92.54;kit_trials_exp_1_05.11.2018_fo4
858;92.54;kit_trials_exp_1_05.11.2018_fo4
859;93.13;kit_trials_exp_1_05.11.2018_fo4
860;93.13;kit_trials_exp_1_05.11.2018_fo4
861;93.04;kit_trials_exp_1_05.11.2018_fo4
862;93.04;kit_trials_exp_1_05.11.2018_fo4
863;92.31;kit_trials_exp_1_05.11.2018_fo4
864;92.31;kit_trials_exp_1_05.11.2018_fo4
865;92.4;kit_trials_exp_1_05.11.2018_fo4
866;92.4;kit_trials_exp_1_05.11.2018_fo4
867;92.01;kit_trials_exp_1_05.11.2018_fo4
868;92.01;kit_trials_exp_1_05.11.2018_fo4
869;91.69;kit_trials_exp_1_05.11.2018_fo4
870;91.69;kit_trials_exp_1_05.11.2018_fo4
871;91.88;kit_trials_exp_1_05.11.2018_fo4
872;91.88;kit_trials_exp_1_05.11.2018_fo4
873;92.2;kit_trials_exp_1_05.11.2018_fo4
874;92.2;kit_trials_exp_1_05.11.2018_fo4
875;91.49;kit_trials_exp_1_05.11.2018_fo4
876;91.49;kit_trials_exp_1_05.11.2018_fo4
877;92.3;kit_trials_exp_1_05.11.2018_fo4
878;92.3;kit_trials_exp_1_05.11.2018_fo4
879;92.1;kit_trials_exp_1_05.11.2018_fo4
880;92.1;kit_trials_exp_1_05.11.2018_fo4
881;91.49;kit_trials_exp_1_05.11.2018_fo4
882;91.49;kit_trials_exp_1_05.11.2018_fo4
883;91.6;kit_trials_exp_1_05.11.2018_fo4
884;91.6;kit_trials_exp_1_05.11.2018_fo4
885;91.6;kit_trials_exp_1_05.11.2018_fo4
886;92.82;kit_trials_exp_1_05.11.2018_fo4
887;92.82;kit_trials_exp_1_05.11.2018_fo4
888;92.09;kit_trials_exp_1_05.11.2018_fo4
889;92.09;kit_trials_exp_1_05.11.2018_fo4
890;91.49;kit_trials_exp_1_05.11.2018_fo4
891;91.49;kit_trials_exp_1_05.11.2018_fo4
892;91.28;kit_trials_exp_1_05.11.2018_fo4
893;91.28;kit_trials_exp_1_05.11.2018_fo4
894;91.16;kit_trials_exp_1_05.11.2018_fo4
895;91.16;kit_trials_exp_1_05.11.2018_fo4
896;91.69;kit_trials_exp_1_05.11.2018_fo4
897;91.69;kit_trials_exp_1_05.11.2018_fo4
898;90.96;kit_trials_exp_1_05.11.2018_fo4
899;90.96;kit_trials_exp_1_05.11.2018_fo4
900;90.85;kit_trials_exp_1_05.11.2018_fo4
901;90.85;kit_trials_exp_1_05.11.2018_fo4
902;90.14;kit_trials_exp_1_05.11.2018_fo4
903;90.14;kit_trials_exp_1_05.11.2018_fo4
904;91.49;kit_trials_exp_1_05.11.2018_fo4
905;91.49;kit_trials_exp_1_05.11.2018_fo4
906;90.96;kit_trials_exp_1_05.11.2018_fo4
907;90.96;kit_trials_exp_1_05.11.2018_fo4
908;90.87;kit_trials_exp_1_05.11.2018_fo4
909;90.87;kit_trials_exp_1_05.11.2018_fo4
910;91.28;kit_trials_exp_1_05.11.2018_fo4
911;91.28;kit_trials_exp_1_05.11.2018_fo4
912;90.24;kit_trials_exp_1_05.11.2018_fo4
913;90.24;kit_trials_exp_1_05.11.2018_fo4
914;90.04;kit_trials_exp_1_05.11.2018_fo4
915;90.04;kit_trials_exp_1_05.11.2018_fo4
916;90.96;kit_trials_exp_1_05.11.2018_fo4
917;90.96;kit_trials_exp_1_05.11.2018_fo4
918;89.93;kit_trials_exp_1_05.11.2018_fo4
919;89.93;kit_trials_exp_1_05.11.2018_fo4
920;90.25;kit_trials_exp_1_05.11.2018_fo4
921;90.25;kit_trials_exp_1_05.11.2018_fo4
922;90.25;kit_trials_exp_1_05.11.2018_fo4
923;89.92;kit_trials_exp_1_05.11.2018_fo4
924;90.03;kit_trials_exp_1_05.11.2018_fo4
925;90.03;kit_trials_exp_1_05.11.2018_fo4
926;90.03;kit_trials_exp_1_05.11.2018_fo4
927;88.81;kit_trials_exp_1_05.11.2018_fo4
928;88.81;kit_trials_exp_1_05.11.2018_fo4
929;89.82;kit_trials_exp_1_05.11.2018_fo4
930;89.82;kit_trials_exp_1_05.11.2018_fo4
931;89.33;kit_trials_exp_1_05.11.2018_fo4
932;89.33;kit_trials_exp_1_05.11.2018_fo4
933;89.33;kit_trials_exp_1_05.11.2018_fo4
934;89.33;kit_trials_exp_1_05.11.2018_fo4
935;88.91;kit_trials_exp_1_05.11.2018_fo4
936;88.91;kit_trials_exp_1_05.11.2018_fo4
937;89.12;kit_trials_exp_1_05.11.2018_fo4
938;89.12;kit_trials_exp_1_05.11.2018_fo4
939;89.93;kit_trials_exp_1_05.11.2018_fo4
940;89.93;kit_trials_exp_1_05.11.2018_fo4
941;89.21;kit_trials_exp_1_05.11.2018_fo4
942;89.21;kit_trials_exp_1_05.11.2018_fo4
943;88.7;kit_trials_exp_1_05.11.2018_fo4
944;88.7;kit_trials_exp_1_05.11.2018_fo4
945;88.5;kit_trials_exp_1_05.11.2018_fo4
946;88.5;kit_trials_exp_1_05.11.2018_fo4
947;88.7;kit_trials_exp_1_05.11.2018_fo4
948;88.7;kit_trials_exp_1_05.11.2018_fo4
949;87.57;kit_trials_exp_1_05.11.2018_fo4
950;87.57;kit_trials_exp_1_05.11.2018_fo4
951;88.6;kit_trials_exp_1_05.11.2018_fo4
952;88.6;kit_trials_exp_1_05.11.2018_fo4
953;88.28;kit_trials_exp_1_05.11.2018_fo4
954;88.28;kit_trials_exp_1_05.11.2018_fo4
955;87.36;kit_trials_exp_1_05.11.2018_fo4
956;87.36;kit_trials_exp_1_05.11.2018_fo4
957;88.38;kit_trials_exp_1_05.11.2018_fo4
958;88.38;kit_trials_exp_1_05.11.2018_fo4
959;87.57;kit_trials_exp_1_05.11.2018_fo4
960;87.57;kit_trials_exp_1_05.11.2018_fo4
961;87.78;kit_trials_exp_1_05.11.2018_fo4
962;87.78;kit_trials_exp_1_05.11.2018_fo4
963;86.93;kit_trials_exp_1_05.11.2018_fo4
964;86.93;kit_trials_exp_1_05.11.2018_fo4
965;87.78;kit_trials_exp_1_05.11.2018_fo4
966;87.78;kit_trials_exp_1_05.11.2018_fo4
967;87.57;kit_trials_exp_1_05.11.2018_fo4
968;87.57;kit_trials_exp_1_05.11.2018_fo4
969;87.78;kit_trials_exp_1_05.11.2018_fo4
970;87.78;kit_trials_exp_1_05.11.2018_fo4
971;87.46;kit_trials_exp_1_05.11.2018_fo4
972;87.46;kit_trials_exp_1_05.11.2018_fo4
973;87.15;kit_trials_exp_1_05.11.2018_fo4
974;87.15;kit_trials_exp_1_05.11.2018_fo4
975;87.15;kit_trials_exp_1_05.11.2018_fo4
976;86.33;kit_trials_exp_1_05.11.2018_fo4
977;86.33;kit_trials_exp_1_05.11.2018_fo4
978;86.33;kit_trials_exp_1_05.11.2018_fo4
979;85.38;kit_trials_exp_1_05.11.2018_fo4
980;85.38;kit_trials_exp_1_05.11.2018_fo4
981;86.93;kit_trials_exp_1_05.11.2018_fo4
982;86.93;kit_trials_exp_1_05.11.2018_fo4
983;86.41;kit_trials_exp_1_05.11.2018_fo4
984;86.41;kit_trials_exp_1_05.11.2018_fo4
985;87.26;kit_trials_exp_1_05.11.2018_fo4
986;87.26;kit_trials_exp_1_05.11.2018_fo4
987;87.26;kit_trials_exp_1_05.11.2018_fo4
988;85.91;kit_trials_exp_1_05.11.2018_fo4
989;85.91;kit_trials_exp_1_05.11.2018_fo4
990;86.84;kit_trials_exp_1_05.11.2018_fo4
991;86.84;kit_trials_exp_1_05.11.2018_fo4
992;86.64;kit_trials_exp_1_05.11.2018_fo4
993;86.64;kit_trials_exp_1_05.11.2018_fo4
994;85.88;kit_trials_exp_1_05.11.2018_fo4
995;85.88;kit_trials_exp_1_05.11.2018_fo4
996;85.88;kit_trials_exp_1_05.11.2018_fo4
997;84.78;kit_trials_exp_1_05.11.2018_fo4
998;84.78;kit_trials_exp_1_05.11.2018_fo4
999;84.98;kit_trials_exp_1_05.11.2018_fo4
1000;84.98;kit_trials_exp_1_05.11.2018_fo4
1001;86.12;kit_trials_exp_1_05.11.2018_fo4
1002;86.12;kit_trials_exp_1_05.11.2018_fo4
1003;85.29;kit_trials_exp_1_05.11.2018_fo4
1004;85.29;kit_trials_exp_1_05.11.2018_fo4
1005;85.29;kit_trials_exp_1_05.11.2018_fo4
1006;85.29;kit_trials_exp_1_05.11.2018_fo4
1007;85.18;kit_trials_exp_1_05.11.2018_fo4
1008;85.18;kit_trials_exp_1_05.11.2018_fo4
1009;85.28;kit_trials_exp_1_05.11.2018_fo4
1010;83.87;kit_trials_exp_1_05.11.2018_fo4
1011;83.87;kit_trials_exp_1_05.11.2018_fo4
1012;83.87;kit_trials_exp_1_05.11.2018_fo4
1013;81.82;kit_trials_exp_1_05.11.2018_fo4
1014;81.82;kit_trials_exp_1_05.11.2018_fo4
1015;81.3;kit_trials_exp_1_05.11.2018_fo4
1016;81.3;kit_trials_exp_1_05.11.2018_fo4
1017;81.51;kit_trials_exp_1_05.11.2018_fo4
1018;81.51;kit_trials_exp_1_05.11.2018_fo4
1019;81.51;kit_trials_exp_1_05.11.2018_fo4
1020;83.15;kit_trials_exp_1_05.11.2018_fo4
1021;83.15;kit_trials_exp_1_05.11.2018_fo4
1022;76.02;kit_trials_exp_1_05.11.2018_fo4
1023;76.02;kit_trials_exp_1_05.11.2018_fo4
1024;31.57;kit_trials_exp_1_05.11.2018_fo4
1025;31.57;kit_trials_exp_1_05.11.2018_fo4
1026;26.38;kit_trials_exp_1_05.11.2018_fo4
1027;26.38;kit_trials_exp_1_05.11.2018_fo4
1028;25.51;kit_trials_exp_1_05.11.2018_fo4
1029;25.51;kit_trials_exp_1_05.11.2018_fo4
1030;26.56;kit_trials_exp_1_05.11.2018_fo4
1031;26.56;kit_trials_exp_1_05.11.2018_fo4
1032;25.52;kit_trials_exp_1_05.11.2018_fo4
1033;25.52;kit_trials_exp_1_05.11.2018_fo4
1034;25.6;kit_trials_exp_1_05.11.2018_fo4
1035;25.6;kit_trials_exp_1_05.11.2018_fo4
1036;25.61;kit_trials_exp_1_05.11.2018_fo4
1037;25.61;kit_trials_exp_1_05.11.2018_fo4
1038;25.6;kit_trials_exp_1_05.11.2018_fo4
1039;25.6;kit_trials_exp_1_05.11.2018_fo4
1040;25.39;kit_trials_exp_1_05.11.2018_fo4
1041;25.39;kit_trials_exp_1_05.11.2018_fo4
1042;25.39;kit_trials_exp_1_05.11.2018_fo4
1043;25.39;kit_trials_exp_1_05.11.2018_fo4
1044;25.93;kit_trials_exp_1_05.11.2018_fo4
1045;25.93;kit_trials_exp_1_05.11.2018_fo4
1046;25.39;kit_trials_exp_1_05.11.2018_fo4
1047;25.39;kit_trials_exp_1_05.11.2018_fo4
1048;25.1;kit_trials_exp_1_05.11.2018_fo4
1049;25.1;kit_trials_exp_1_05.11.2018_fo4
1050;24.17;kit_trials_exp_1_05.11.2018_fo4
1051;24.17;kit_trials_exp_1_05.11.2018_fo4
1052;24.68;kit_trials_exp_1_05.11.2018_fo4
1053;24.68;kit_trials_exp_1_05.11.2018_fo4
1054;24.8;kit_trials_exp_1_05.11.2018_fo4
1055;24.8;kit_trials_exp_1_05.11.2018_fo4
1056;24.67;kit_trials_exp_1_05.11.2018_fo4
1057;24.67;kit_trials_exp_1_05.11.2018_fo4
1058;24.57;kit_trials_exp_1_05.11.2018_fo4
1059;24.57;kit_trials_exp_1_05.11.2018_fo4
1060;24.59;kit_trials_exp_1_05.11.2018_fo4
1061;24.59;kit_trials_exp_1_05.11.2018_fo4
1062;24.8;kit_trials_exp_1_05.11.2018_fo4
1063;24.8;kit_trials_exp_1_05.11.2018_fo4
1064;24.38;kit_trials_exp_1_05.11.2018_fo4
1065;24.38;kit_trials_exp_1_05.11.2018_fo4
1066;24.38;kit_trials_exp_1_05.11.2018_fo4
1067;24.38;kit_trials_exp_1_05.11.2018_fo4
1068;24.38;kit_trials_exp_1_05.11.2018_fo4
1069;24.27;kit_trials_exp_1_05.11.2018_fo4
1070;24.27;kit_trials_exp_1_05.11.2018_fo4
1071;23.76;kit_trials_exp_1_05.11.2018_fo4
1072;23.76;kit_trials_exp_1_05.11.2018_fo4
1073;24.06;kit_trials_exp_1_05.11.2018_fo4
1074;24.06;kit_trials_exp_1_05.11.2018_fo4
1075;23.96;kit_trials_exp_1_05.11.2018_fo4
1076;23.96;kit_trials_exp_1_05.11.2018_fo4
1077;23.96;kit_trials_exp_1_05.11.2018_fo4
1078;23.96;kit_trials_exp_1_05.11.2018_fo4
1079;24.36;kit_trials_exp_1_05.11.2018_fo4
1080;24.36;kit_trials_exp_1_05.11.2018_fo4
1081;24.17;kit_trials_exp_1_05.11.2018_fo4
1082;24.17;kit_trials_exp_1_05.11.2018_fo4
1083;23.86;kit_trials_exp_1_05.11.2018_fo4
1084;23.86;kit_trials_exp_1_05.11.2018_fo4
1085;23.44;kit_trials_exp_1_05.11.2018_fo4
1086;23.44;kit_trials_exp_1_05.11.2018_fo4
1087;23.55;kit_trials_exp_1_05.11.2018_fo4
1088;23.55;kit_trials_exp_1_05.11.2018_fo4
1089;23.96;kit_trials_exp_1_05.11.2018_fo4
1090;23.96;kit_trials_exp_1_05.11.2018_fo4
1091;23.65;kit_trials_exp_1_05.11.2018_fo4
1092;23.65;kit_trials_exp_1_05.11.2018_fo4
1093;23.44;kit_trials_exp_1_05.11.2018_fo4
1094;23.44;kit_trials_exp_1_05.11.2018_fo4
1095;23.75;kit_trials_exp_1_05.11.2018_fo4
1096;23.75;kit_trials_exp_1_05.11.2018_fo4
1097;23.23;kit_trials_exp_1_05.11.2018_fo4
1098;23.23;kit_trials_exp_1_05.11.2018_fo4
1099;23.33;kit_trials_exp_1_05.11.2018_fo4
1100;23.33;kit_trials_exp_1_05.11.2018_fo4
1101;23.86;kit_trials_exp_1_05.11.2018_fo4
1102;23.86;kit_trials_exp_1_05.11.2018_fo4
1103;23.33;kit_trials_exp_1_05.11.2018_fo4
1104;23.33;kit_trials_exp_1_05.11.2018_fo4
1105;23.65;kit_trials_exp_1_05.11.2018_fo4
1106;23.65;kit_trials_exp_1_05.11.2018_fo4
1107;23.65;kit_trials_exp_1_05.11.2018_fo4
1108;24.05;kit_trials_exp_1_05.11.2018_fo4
1109;24.05;kit_trials_exp_1_05.11.2018_fo4
1110;23.44;kit_trials_exp_1_05.11.2018_fo4
1111;23.44;kit_trials_exp_1_05.11.2018_fo4
1112;23.43;kit_trials_exp_1_05.11.2018_fo4
1113;23.43;kit_trials_exp_1_05.11.2018_fo4
1114;23.96;kit_trials_exp_1_05.11.2018_fo4
1115;23.96;kit_trials_exp_1_05.11.2018_fo4
1116;23.02;kit_trials_exp_1_05.11.2018_fo4
1117;23.02;kit_trials_exp_1_05.11.2018_fo4
1118;23.12;kit_trials_exp_1_05.11.2018_fo4
1119;23.12;kit_trials_exp_1_05.11.2018_fo4
1120;23.02;kit_trials_exp_1_05.11.2018_fo4
1121;23.02;kit_trials_exp_1_05.11.2018_fo4
1122;22.63;kit_trials_exp_1_05.11.2018_fo4
1123;22.63;kit_trials_exp_1_05.11.2018_fo4
1124;23.33;kit_trials_exp_1_05.11.2018_fo4
1125;23.33;kit_trials_exp_1_05.11.2018_fo4
1126;23.13;kit_trials_exp_1_05.11.2018_fo4
1127;23.13;kit_trials_exp_1_05.11.2018_fo4
1128;22.91;kit_trials_exp_1_05.11.2018_fo4
1129;22.91;kit_trials_exp_1_05.11.2018_fo4
1130;23.04;kit_trials_exp_1_05.11.2018_fo4
1131;23.04;kit_trials_exp_1_05.11.2018_fo4
1132;22.52;kit_trials_exp_1_05.11.2018_fo4
1133;22.52;kit_trials_exp_1_05.11.2018_fo4
1134;23.02;kit_trials_exp_1_05.11.2018_fo4
1135;23.02;kit_trials_exp_1_05.11.2018_fo4
1136;23.44;kit_trials_exp_1_05.11.2018_fo4
1137;23.44;kit_trials_exp_1_05.11.2018_fo4
1138;23.54;kit_trials_exp_1_05.11.2018_fo4
1139;23.54;kit_trials_exp_1_05.11.2018_fo4
1140;23.23;kit_trials_exp_1_05.11.2018_fo4
1141;23.23;kit_trials_exp_1_05.11.2018_fo4
1142;22.71;kit_trials_exp_1_05.11.2018_fo4
1143;22.71;kit_trials_exp_1_05.11.2018_fo4
1144;22.71;kit_trials_exp_1_05.11.2018_fo4
1145;23.13;kit_trials_exp_1_05.11.2018_fo4
1146;23.13;kit_trials_exp_1_05.11.2018_fo4
1147;23.18;kit_trials_exp_1_05.11.2018_fo4
1148;23.18;kit_trials_exp_1_05.11.2018_fo4
1149;22.81;kit_trials_exp_1_05.11.2018_fo4
1150;22.81;kit_trials_exp_1_05.11.2018_fo4
1151;23.02;kit_trials_exp_1_05.11.2018_fo4
1152;23.02;kit_trials_exp_1_05.11.2018_fo4
1153;22.61;kit_trials_exp_1_05.11.2018_fo4
1154;22.61;kit_trials_exp_1_05.11.2018_fo4
1155;23.02;kit_trials_exp_1_05.11.2018_fo4
1156;23.02;kit_trials_exp_1_05.11.2018_fo4
1157;22.4;kit_trials_exp_1_05.11.2018_fo4
1158;22.4;kit_trials_exp_1_05.11.2018_fo4
1159;23.96;kit_trials_exp_1_05.11.2018_fo4
1160;23.96;kit_trials_exp_1_05.11.2018_fo4
1161;22.81;kit_trials_exp_1_05.11.2018_fo4
1162;22.81;kit_trials_exp_1_05.11.2018_fo4
1163;22.62;kit_trials_exp_1_05.11.2018_fo4
1164;22.62;kit_trials_exp_1_05.11.2018_fo4
1165;22.81;kit_trials_exp_1_05.11.2018_fo4
1166;22.81;kit_trials_exp_1_05.11.2018_fo4
1167;22.91;kit_trials_exp_1_05.11.2018_fo4
1168;22.91;kit_trials_exp_1_05.11.2018_fo4
1169;23.43;kit_trials_exp_1_05.11.2018_fo4
1170;23.43;kit_trials_exp_1_05.11.2018_fo4
1171;22.61;kit_trials_exp_1_05.11.2018_fo4
1172;22.61;kit_trials_exp_1_05.11.2018_fo4
1173;22.81;kit_trials_exp_1_05.11.2018_fo4
1174;22.81;kit_trials_exp_1_05.11.2018_fo4
1175;22.31;kit_trials_exp_1_05.11.2018_fo4
1176;22.31;kit_trials_exp_1_05.11.2018_fo4
1177;22.91;kit_trials_exp_1_05.11.2018_fo4
1178;22.91;kit_trials_exp_1_05.11.2018_fo4
1179;23.12;kit_trials_exp_1_05.11.2018_fo4
1180;23.12;kit_trials_exp_1_05.11.2018_fo4
1181;22.71;kit_trials_exp_1_05.11.2018_fo4
1182;22.71;kit_trials_exp_1_05.11.2018_fo4
1183;22.91;kit_trials_exp_1_05.11.2018_fo4
1184;22.91;kit_trials_exp_1_05.11.2018_fo4
1185;23.02;kit_trials_exp_1_05.11.2018_fo4
1186;23.02;kit_trials_exp_1_05.11.2018_fo4
1187;22.2;kit_trials_exp_1_05.11.2018_fo4
1188;22.2;kit_trials_exp_1_05.11.2018_fo4
1189;22.3;kit_trials_exp_1_05.11.2018_fo4
1190;22.3;kit_trials_exp_1_05.11.2018_fo4
1191;21.89;kit_trials_exp_1_05.11.2018_fo4
1192;21.89;kit_trials_exp_1_05.11.2018_fo4
1193;22.51;kit_trials_exp_1_05.11.2018_fo4
1194;22.51;kit_trials_exp_1_05.11.2018_fo4
1195;21.88;kit_trials_exp_1_05.11.2018_fo4
1196;21.88;kit_trials_exp_1_05.11.2018_fo4
1197;22.1;kit_trials_exp_1_05.11.2018_fo4
1198;22.1;kit_trials_exp_1_05.11.2018_fo4
1199;22.61;kit_trials_exp_1_05.11.2018_fo4
1200;22.61;kit_trials_exp_1_05.11.2018_fo4
1201;22.05;kit_trials_exp_1_05.11.2018_fo4
1202;22.05;kit_trials_exp_1_05.11.2018_fo4
1203;22.2;kit_trials_exp_1_05.11.2018_fo4
1204;22.2;kit_trials_exp_1_05.11.2018_fo4
1205;21.89;kit_trials_exp_1_05.11.2018_fo4
1206;21.89;kit_trials_exp_1_05.11.2018_fo4
1207;22.1;kit_trials_exp_1_05.11.2018_fo4
1208;22.1;kit_trials_exp_1_05.11.2018_fo4
1209;21.64;kit_trials_exp_1_05.11.2018_fo4
1210;21.64;kit_trials_exp_1_05.11.2018_fo4
1211;21.67;kit_trials_exp_1_05.11.2018_fo4
1212;21.67;kit_trials_exp_1_05.11.2018_fo4
1213;22.31;kit_trials_exp_1_05.11.2018_fo4
1214;22.31;kit_trials_exp_1_05.11.2018_fo4
1215;22.31;kit_trials_exp_1_05.11.2018_fo4
1216;21.79;kit_trials_exp_1_05.11.2018_fo4
1217;21.79;kit_trials_exp_1_05.11.2018_fo4
1218;22.52;kit_trials_exp_1_05.11.2018_fo4
1219;22.52;kit_trials_exp_1_05.11.2018_fo4
1220;22.2;kit_trials_exp_1_05.11.2018_fo4
1221;22.2;kit_trials_exp_1_05.11.2018_fo4
1222;21.89;kit_trials_exp_1_05.11.2018_fo4
1223;21.89;kit_trials_exp_1_05.11.2018_fo4
1224;21.89;kit_trials_exp_1_05.11.2018_fo4
1225;21.89;kit_trials_exp_1_05.11.2018_fo4
1226;22.31;kit_trials_exp_1_05.11.2018_fo4
1227;22.31;kit_trials_exp_1_05.11.2018_fo4
1228;21.68;kit_trials_exp_1_05.11.2018_fo4
1229;21.68;kit_trials_exp_1_05.11.2018_fo4
1230;21.58;kit_trials_exp_1_05.11.2018_fo4
1231;21.58;kit_trials_exp_1_05.11.2018_fo4
1232;21.89;kit_trials_exp_1_05.11.2018_fo4
1233;21.89;kit_trials_exp_1_05.11.2018_fo4
1234;21.89;kit_trials_exp_1_05.11.2018_fo4
1235;21.89;kit_trials_exp_1_05.11.2018_fo4
1236;21.78;kit_trials_exp_1_05.11.2018_fo4
1237;21.78;kit_trials_exp_1_05.11.2018_fo4
1238;21.78;kit_trials_exp_1_05.11.2018_fo4
1239;21.78;kit_trials_exp_1_05.11.2018_fo4
1240;21.58;kit_trials_exp_1_05.11.2018_fo4
1241;21.58;kit_trials_exp_1_05.11.2018_fo4
1242;21.99;kit_trials_exp_1_05.11.2018_fo4
1243;21.99;kit_trials_exp_1_05.11.2018_fo4
1244;21.28;kit_trials_exp_1_05.11.2018_fo4
1245;21.28;kit_trials_exp_1_05.11.2018_fo4
1246;21.78;kit_trials_exp_1_05.11.2018_fo4
1247;21.78;kit_trials_exp_1_05.11.2018_fo4
1248;21.67;kit_trials_exp_1_05.11.2018_fo4
1249;21.67;kit_trials_exp_1_05.11.2018_fo4
1250;21.89;kit_trials_exp_1_05.11.2018_fo4
1251;21.89;kit_trials_exp_1_05.11.2018_fo4
1252;21.58;kit_trials_exp_1_05.11.2018_fo4
1253;21.58;kit_trials_exp_1_05.11.2018_fo4
1254;21.58;kit_trials_exp_1_05.11.2018_fo4
1255;21.26;kit_trials_exp_1_05.11.2018_fo4
1256;21.26;kit_trials_exp_1_05.11.2018_fo4
1257;21.5;kit_trials_exp_1_05.11.2018_fo4
1258;21.5;kit_trials_exp_1_05.11.2018_fo4
1259;21.57;kit_trials_exp_1_05.11.2018_fo4
1260;21.57;kit_trials_exp_1_05.11.2018_fo4
1261;21.67;kit_trials_exp_1_05.11.2018_fo4
1262;21.26;kit_trials_exp_1_05.11.2018_fo4
1263;21.26;kit_trials_exp_1_05.11.2018_fo4
1264;21.26;kit_trials_exp_1_05.11.2018_fo4
1265;21.26;kit_trials_exp_1_05.11.2018_fo4
1266;20.65;kit_trials_exp_1_05.11.2018_fo4
1267;20.65;kit_trials_exp_1_05.11.2018_fo4
1268;20.65;kit_trials_exp_1_05.11.2018_fo4
1269;21.37;kit_trials_exp_1_05.11.2018_fo4
1270;21.37;kit_trials_exp_1_05.11.2018_fo4
1271;21.49;kit_trials_exp_1_05.11.2018_fo4
1272;21.49;kit_trials_exp_1_05.11.2018_fo4
1273;21.26;kit_trials_exp_1_05.11.2018_fo4
1274;21.26;kit_trials_exp_1_05.11.2018_fo4
1275;21.36;kit_trials_exp_1_05.11.2018_fo4
1276;21.36;kit_trials_exp_1_05.11.2018_fo4
1277;21.37;kit_trials_exp_1_05.11.2018_fo4
1278;21.37;kit_trials_exp_1_05.11.2018_fo4
1279;21.36;kit_trials_exp_1_05.11.2018_fo4
1280;21.36;kit_trials_exp_1_05.11.2018_fo4
1281;21.68;kit_trials_exp_1_05.11.2018_fo4
1282;21.68;kit_trials_exp_1_05.11.2018_fo4
1283;21.57;kit_trials_exp_1_05.11.2018_fo4
1284;21.57;kit_trials_exp_1_05.11.2018_fo4
1285;21.89;kit_trials_exp_1_05.11.2018_fo4
1286;21.89;kit_trials_exp_1_05.11.2018_fo4
1287;21.26;kit_trials_exp_1_05.11.2018_fo4
1288;21.26;kit_trials_exp_1_05.11.2018_fo4
1289;21.58;kit_trials_exp_1_05.11.2018_fo4
1290;21.58;kit_trials_exp_1_05.11.2018_fo4
1291;20.96;kit_trials_exp_1_05.11.2018_fo4
1292;20.96;kit_trials_exp_1_05.11.2018_fo4
1293;20.96;kit_trials_exp_1_05.11.2018_fo4
1294;20.96;kit_trials_exp_1_05.11.2018_fo4
1295;21.17;kit_trials_exp_1_05.11.2018_fo4
1296;21.17;kit_trials_exp_1_05.11.2018_fo4
1297;21.26;kit_trials_exp_1_05.11.2018_fo4
1298;21.26;kit_trials_exp_1_05.11.2018_fo4
1299;20.86;kit_trials_exp_1_05.11.2018_fo4
1300;20.86;kit_trials_exp_1_05.11.2018_fo4
1301;21.57;kit_trials_exp_1_05.11.2018_fo4
1302;21.57;kit_trials_exp_1_05.11.2018_fo4
1303;20.96;kit_trials_exp_1_05.11.2018_fo4
1304;20.96;kit_trials_exp_1_05.11.2018_fo4
1305;21.17;kit_trials_exp_1_05.11.2018_fo4
1306;21.17;kit_trials_exp_1_05.11.2018_fo4
1307;21.17;kit_trials_exp_1_05.11.2018_fo4
1308;21.17;kit_trials_exp_1_05.11.2018_fo4
1309;20.96;kit_trials_exp_1_05.11.2018_fo4
1310;20.96;kit_trials_exp_1_05.11.2018_fo4
1311;21.05;kit_trials_exp_1_05.11.2018_fo4
1312;21.05;kit_trials_exp_1_05.11.2018_fo4
1313;21.26;kit_trials_exp_1_05.11.2018_fo4
1314;21.26;kit_trials_exp_1_05.11.2018_fo4
1315;22.19;kit_trials_exp_1_05.11.2018_fo4
1316;22.19;kit_trials_exp_1_05.11.2018_fo4
1317;21.07;kit_trials_exp_1_05.11.2018_fo4
1318;21.07;kit_trials_exp_1_05.11.2018_fo4
1319;20.34;kit_trials_exp_1_05.11.2018_fo4
1320;20.34;kit_trials_exp_1_05.11.2018_fo4
1321;21.36;kit_trials_exp_1_05.11.2018_fo4
1322;21.36;kit_trials_exp_1_05.11.2018_fo4
1323;21.49;kit_trials_exp_1_05.11.2018_fo4
1324;21.49;kit_trials_exp_1_05.11.2018_fo4
1325;21.58;kit_trials_exp_1_05.11.2018_fo4
1326;21.58;kit_trials_exp_1_05.11.2018_fo4
1327;21.58;kit_trials_exp_1_05.11.2018_fo4
1328;20.96;kit_trials_exp_1_05.11.2018_fo4
1329;20.96;kit_trials_exp_1_05.11.2018_fo4
1330;21.17;kit_trials_exp_1_05.11.2018_fo4
1331;21.17;kit_trials_exp_1_05.11.2018_fo4
1332;20.65;kit_trials_exp_1_05.11.2018_fo4
1333;20.65;kit_trials_exp_1_05.11.2018_fo4
1334;21.07;kit_trials_exp_1_05.11.2018_fo4
1335;21.07;kit_trials_exp_1_05.11.2018_fo4
1336;21.26;kit_trials_exp_1_05.11.2018_fo4
1337;21.26;kit_trials_exp_1_05.11.2018_fo4
1338;20.55;kit_trials_exp_1_05.11.2018_fo4
1339;20.55;kit_trials_exp_1_05.11.2018_fo4
1340;20.64;kit_trials_exp_1_05.11.2018_fo4
1341;20.64;kit_trials_exp_1_05.11.2018_fo4
1342;20.96;kit_trials_exp_1_05.11.2018_fo4
1343;20.96;kit_trials_exp_1_05.11.2018_fo4
1344;20.96;kit_trials_exp_1_05.11.2018_fo4
1345;20.96;kit_trials_exp_1_05.11.2018_fo4
1346;21.07;kit_trials_exp_1_05.11.2018_fo4
1347;21.07;kit_trials_exp_1_05.11.2018_fo4
1348;20.54;kit_trials_exp_1_05.11.2018_fo4
1349;20.54;kit_trials_exp_1_05.11.2018_fo4
1350;20.44;kit_trials_exp_1_05.11.2018_fo4
1351;20.44;kit_trials_exp_1_05.11.2018_fo4
1352;20.96;kit_trials_exp_1_05.11.2018_fo4
1353;20.96;kit_trials_exp_1_05.11.2018_fo4
1354;20.65;kit_trials_exp_1_05.11.2018_fo4
1355;20.65;kit_trials_exp_1_05.11.2018_fo4
1356;21.28;kit_trials_exp_1_05.11.2018_fo4
1357;21.28;kit_trials_exp_1_05.11.2018_fo4
1358;20.96;kit_trials_exp_1_05.11.2018_fo4
1359;20.96;kit_trials_exp_1_05.11.2018_fo4
1360;20.64;kit_trials_exp_1_05.11.2018_fo4
1361;20.64;kit_trials_exp_1_05.11.2018_fo4
1362;19.83;kit_trials_exp_1_05.11.2018_fo4
1363;19.83;kit_trials_exp_1_05.11.2018_fo4
1364;19.83;kit_trials_exp_1_05.11.2018_fo4
1365;20.96;kit_trials_exp_1_05.11.2018_fo4
1366;20.96;kit_trials_exp_1_05.11.2018_fo4
1367;20.23;kit_trials_exp_1_05.11.2018_fo4
1368;20.23;kit_trials_exp_1_05.11.2018_fo4
1369;20.34;kit_trials_exp_1_05.11.2018_fo4
1370;20.34;kit_trials_exp_1_05.11.2018_fo4
1371;20.44;kit_trials_exp_1_05.11.2018_fo4
1372;20.44;kit_trials_exp_1_05.11.2018_fo4
1373;20.96;kit_trials_exp_1_05.11.2018_fo4
1374;20.96;kit_trials_exp_1_05.11.2018_fo4
1375;20.44;kit_trials_exp_1_05.11.2018_fo4
1376;20.44;kit_trials_exp_1_05.11.2018_fo4
1377;20.44;kit_trials_exp_1_05.11.2018_fo4
1378;20.44;kit_trials_exp_1_05.11.2018_fo4
1379;20.44;kit_trials_exp_1_05.11.2018_fo4
1380;20.44;kit_trials_exp_1_05.11.2018_fo4
1381;20.54;kit_trials_exp_1_05.11.2018_fo4
1382;20.54;kit_trials_exp_1_05.11.2018_fo4
1383;20.54;kit_trials_exp_1_05.11.2018_fo4
1384;20.54;kit_trials_exp_1_05.11.2018_fo4
1385;20.76;kit_trials_exp_1_05.11.2018_fo4
1386;20.76;kit_trials_exp_1_05.11.2018_fo4
1387;20.24;kit_trials_exp_1_05.11.2018_fo4
1388;20.24;kit_trials_exp_1_05.11.2018_fo4
1389;20.23;kit_trials_exp_1_05.11.2018_fo4
1390;20.23;kit_trials_exp_1_05.11.2018_fo4
1391;20.54;kit_trials_exp_1_05.11.2018_fo4
1392;20.54;kit_trials_exp_1_05.11.2018_fo4
1393;19.71;kit_trials_exp_1_05.11.2018_fo4
1394;19.71;kit_trials_exp_1_05.11.2018_fo4
1395;20.44;kit_trials_exp_1_05.11.2018_fo4
1396;20.44;kit_trials_exp_1_05.11.2018_fo4
1397;20.23;kit_trials_exp_1_05.11.2018_fo4
1398;20.23;kit_trials_exp_1_05.11.2018_fo4
1399;20.23;kit_trials_exp_1_05.11.2018_fo4
1400;20.23;kit_trials_exp_1_05.11.2018_fo4
1401;20.75;kit_trials_exp_1_05.11.2018_fo4
1402;20.75;kit_trials_exp_1_05.11.2018_fo4
1403;20.23;kit_trials_exp_1_05.11.2018_fo4
1404;20.23;kit_trials_exp_1_05.11.2018_fo4
1405;20.33;kit_trials_exp_1_05.11.2018_fo4
1406;20.33;kit_trials_exp_1_05.11.2018_fo4
1407;20.23;kit_trials_exp_1_05.11.2018_fo4
1408;20.23;kit_trials_exp_1_05.11.2018_fo4
1409;20.54;kit_trials_exp_1_05.11.2018_fo4
1410;20.54;kit_trials_exp_1_05.11.2018_fo4
1411;20.34;kit_trials_exp_1_05.11.2018_fo4
1412;20.34;kit_trials_exp_1_05.11.2018_fo4
1413;19.84;kit_trials_exp_1_05.11.2018_fo4
1414;19.84;kit_trials_exp_1_05.11.2018_fo4
1415;20.23;kit_trials_exp_1_05.11.2018_fo4
1416;20.23;kit_trials_exp_1_05.11.2018_fo4
1417;20.23;kit_trials_exp_1_05.11.2018_fo4
1418;20.64;kit_trials_exp_1_05.11.2018_fo4
1419;20.64;kit_trials_exp_1_05.11.2018_fo4
1420;20.23;kit_trials_exp_1_05.11.2018_fo4
1421;20.02;kit_trials_exp_1_05.11.2018_fo4
1422;20.02;kit_trials_exp_1_05.11.2018_fo4
1423;20.02;kit_trials_exp_1_05.11.2018_fo4
1424;20.02;kit_trials_exp_1_05.11.2018_fo4
1425;20.02;kit_trials_exp_1_05.11.2018_fo4
1426;20.23;kit_trials_exp_1_05.11.2018_fo4
1427;19.83;kit_trials_exp_1_05.11.2018_fo4
1428;19.83;kit_trials_exp_1_05.11.2018_fo4
1429;21.05;kit_trials_exp_1_05.11.2018_fo4
1430;21.05;kit_trials_exp_1_05.11.2018_fo4
1431;20.44;kit_trials_exp_1_05.11.2018_fo4
1432;20.44;kit_trials_exp_1_05.11.2018_fo4
1433;21.07;kit_trials_exp_1_05.11.2018_fo4
1434;21.07;kit_trials_exp_1_05.11.2018_fo4
1435;21.07;kit_trials_exp_1_05.11.2018_fo4
1436;20.54;kit_trials_exp_1_05.11.2018_fo4
1437;20.54;kit_trials_exp_1_05.11.2018_fo4
1438;20.65;kit_trials_exp_1_05.11.2018_fo4
1439;20.65;kit_trials_exp_1_05.11.2018_fo4
1440;20.44;kit_trials_exp_1_05.11.2018_fo4
1441;20.44;kit_trials_exp_1_05.11.2018_fo4
1442;20.85;kit_trials_exp_1_05.11.2018_fo4
1443;20.85;kit_trials_exp_1_05.11.2018_fo4
1444;21.05;kit_trials_exp_1_05.11.2018_fo4
1445;21.05;kit_trials_exp_1_05.11.2018_fo4
1446;20.64;kit_trials_exp_1_05.11.2018_fo4
1447;20.64;kit_trials_exp_1_05.11.2018_fo4
1448;20.13;kit_trials_exp_1_05.11.2018_fo4
1449;20.13;kit_trials_exp_1_05.11.2018_fo4
1450;20.96;kit_trials_exp_1_05.11.2018_fo4
1451;20.96;kit_trials_exp_1_05.11.2018_fo4
1452;20.12;kit_trials_exp_1_05.11.2018_fo4
1453;20.12;kit_trials_exp_1_05.11.2018_fo4
1454;21.05;kit_trials_exp_1_05.11.2018_fo4
1455;21.05;kit_trials_exp_1_05.11.2018_fo4
1456;20.02;kit_trials_exp_1_05.11.2018_fo4
1457;20.02;kit_trials_exp_1_05.11.2018_fo4
1458;20.44;kit_trials_exp_1_05.11.2018_fo4
1459;20.44;kit_trials_exp_1_05.11.2018_fo4
1460;20.34;kit_trials_exp_1_05.11.2018_fo4
1461;20.34;kit_trials_exp_1_05.11.2018_fo4
1462;20.55;kit_trials_exp_1_05.11.2018_fo4
1463;20.55;kit_trials_exp_1_05.11.2018_fo4
1464;20.44;kit_trials_exp_1_05.11.2018_fo4
1465;20.44;kit_trials_exp_1_05.11.2018_fo4
1466;20.44;kit_trials_exp_1_05.11.2018_fo4
1467;20.13;kit_trials_exp_1_05.11.2018_fo4
1468;20.13;kit_trials_exp_1_05.11.2018_fo4
1469;20.79;kit_trials_exp_1_05.11.2018_fo4
1470;20.79;kit_trials_exp_1_05.11.2018_fo4
1471;20.76;kit_trials_exp_1_05.11.2018_fo4
1472;20.76;kit_trials_exp_1_05.11.2018_fo4
1473;20.54;kit_trials_exp_1_05.11.2018_fo4
1474;20.54;kit_trials_exp_1_05.11.2018_fo4
1475;20.44;kit_trials_exp_1_05.11.2018_fo4
1476;20.44;kit_trials_exp_1_05.11.2018_fo4
1477;21.17;kit_trials_exp_1_05.11.2018_fo4
1478;21.17;kit_trials_exp_1_05.11.2018_fo4
1479;20.13;kit_trials_exp_1_05.11.2018_fo4
1480;20.13;kit_trials_exp_1_05.11.2018_fo4
1481;20.44;kit_trials_exp_1_05.11.2018_fo4
1482;20.44;kit_trials_exp_1_05.11.2018_fo4
1483;20.23;kit_trials_exp_1_05.11.2018_fo4
1484;20.23;kit_trials_exp_1_05.11.2018_fo4
1485;20.23;kit_trials_exp_1_05.11.2018_fo4
1486;20.34;kit_trials_exp_1_05.11.2018_fo4
1487;20.23;kit_trials_exp_1_05.11.2018_fo4
1488;20.23;kit_trials_exp_1_05.11.2018_fo4
1489;20.02;kit_trials_exp_1_05.11.2018_fo4
1490;20.02;kit_trials_exp_1_05.11.2018_fo4
1491;20.02;kit_trials_exp_1_05.11.2018_fo4
1492;20.12;kit_trials_exp_1_05.11.2018_fo4
1493;20.12;kit_trials_exp_1_05.11.2018_fo4
1494;21.26;kit_trials_exp_1_05.11.2018_fo4
1495;21.26;kit_trials_exp_1_05.11.2018_fo4
1496;20.34;kit_trials_exp_1_05.11.2018_fo4
1497;20.34;kit_trials_exp_1_05.11.2018_fo4
1498;20.75;kit_trials_exp_1_05.11.2018_fo4
1499;20.75;kit_trials_exp_1_05.11.2018_fo4
1500;20.54;kit_trials_exp_1_05.11.2018_fo4
1501;20.54;kit_trials_exp_1_05.11.2018_fo4
1502;20.13;kit_trials_exp_1_05.11.2018_fo4
1503;20.13;kit_trials_exp_1_05.11.2018_fo4
1504;20.44;kit_trials_exp_1_05.11.2018_fo4
1505;20.44;kit_trials_exp_1_05.11.2018_fo4
1506;20.44;kit_trials_exp_1_05.11.2018_fo4
1507;19.83;kit_trials_exp_1_05.11.2018_fo4
1508;19.83;kit_trials_exp_1_05.11.2018_fo4
1509;19.83;kit_trials_exp_1_05.11.2018_fo4
1510;20.44;kit_trials_exp_1_05.11.2018_fo4
1511;20.44;kit_trials_exp_1_05.11.2018_fo4
1512;20.12;kit_trials_exp_1_05.11.2018_fo4
1513;20.12;kit_trials_exp_1_05.11.2018_fo4
1514;20.02;kit_trials_exp_1_05.11.2018_fo4
1515;20.02;kit_trials_exp_1_05.11.2018_fo4
1516;20.44;kit_trials_exp_1_05.11.2018_fo4
1517;20.44;kit_trials_exp_1_05.11.2018_fo4
1518;20.75;kit_trials_exp_1_05.11.2018_fo4
1519;20.75;kit_trials_exp_1_05.11.2018_fo4
1520;20.76;kit_trials_exp_1_05.11.2018_fo4
1521;20.76;kit_trials_exp_1_05.11.2018_fo4
1522;20.75;kit_trials_exp_1_05.11.2018_fo4
1523;20.75;kit_trials_exp_1_05.11.2018_fo4
1524;20.02;kit_trials_exp_1_05.11.2018_fo4
1525;20.02;kit_trials_exp_1_05.11.2018_fo4
1526;20.01;kit_trials_exp_1_05.11.2018_fo4
1527;20.01;kit_trials_exp_1_05.11.2018_fo4
1528;20.01;kit_trials_exp_1_05.11.2018_fo4
1529;20.02;kit_trials_exp_1_05.11.2018_fo4
1530;20.02;kit_trials_exp_1_05.11.2018_fo4
1531;20.44;kit_trials_exp_1_05.11.2018_fo4
1532;20.44;kit_trials_exp_1_05.11.2018_fo4
1533;20.13;kit_trials_exp_1_05.11.2018_fo4
1534;20.13;kit_trials_exp_1_05.11.2018_fo4
1535;19.83;kit_trials_exp_1_05.11.2018_fo4
1536;19.83;kit_trials_exp_1_05.11.2018_fo4
1537;20.03;kit_trials_exp_1_05.11.2018_fo4
1538;20.03;kit_trials_exp_1_05.11.2018_fo4
1539;19.61;kit_trials_exp_1_05.11.2018_fo4
1540;19.61;kit_trials_exp_1_05.11.2018_fo4
1541;20.23;kit_trials_exp_1_05.11.2018_fo4
1542;19.5;kit_trials_exp_1_05.11.2018_fo4
1543;19.5;kit_trials_exp_1_05.11.2018_fo4
1544;19.5;kit_trials_exp_1_05.11.2018_fo4
1545;19.91;kit_trials_exp_1_05.11.2018_fo4
1546;19.91;kit_trials_exp_1_05.11.2018_fo4
1547;20.55;kit_trials_exp_1_05.11.2018_fo4
1548;20.55;kit_trials_exp_1_05.11.2018_fo4
1549;19.91;kit_trials_exp_1_05.11.2018_fo4
1550;19.91;kit_trials_exp_1_05.11.2018_fo4
1551;20.02;kit_trials_exp_1_05.11.2018_fo4
1552;20.02;kit_trials_exp_1_05.11.2018_fo4
1553;20.54;kit_trials_exp_1_05.11.2018_fo4
1554;20.54;kit_trials_exp_1_05.11.2018_fo4
1555;19.83;kit_trials_exp_1_05.11.2018_fo4
1556;19.83;kit_trials_exp_1_05.11.2018_fo4
1557;20.27;kit_trials_exp_1_05.11.2018_fo4
1558;20.27;kit_trials_exp_1_05.11.2018_fo4
1559;20.33;kit_trials_exp_1_05.11.2018_fo4
1560;20.33;kit_trials_exp_1_05.11.2018_fo4
1561;20.64;kit_trials_exp_1_05.11.2018_fo4
1562;20.64;kit_trials_exp_1_05.11.2018_fo4
1563;19.91;kit_trials_exp_1_05.11.2018_fo4
1564;19.91;kit_trials_exp_1_05.11.2018_fo4
1565;20.34;kit_trials_exp_1_05.11.2018_fo4
1566;20.34;kit_trials_exp_1_05.11.2018_fo4
1567;20.12;kit_trials_exp_1_05.11.2018_fo4
1568;20.12;kit_trials_exp_1_05.11.2018_fo4
1569;20.13;kit_trials_exp_1_05.11.2018_fo4
1570;20.13;kit_trials_exp_1_05.11.2018_fo4
1571;19.83;kit_trials_exp_1_05.11.2018_fo4
1572;19.83;kit_trials_exp_1_05.11.2018_fo4
1573;19.92;kit_trials_exp_1_05.11.2018_fo4
1574;19.92;kit_trials_exp_1_05.11.2018_fo4
1575;20.02;kit_trials_exp_1_05.11.2018_fo4
1576;20.02;kit_trials_exp_1_05.11.2018_fo4
1577;19.74;kit_trials_exp_1_05.11.2018_fo4
1578;19.74;kit_trials_exp_1_05.11.2018_fo4
1579;20.23;kit_trials_exp_1_05.11.2018_fo4
1580;20.23;kit_trials_exp_1_05.11.2018_fo4
1581;20.02;kit_trials_exp_1_05.11.2018_fo4
1582;20.02;kit_trials_exp_1_05.11.2018_fo4
1583;20.02;kit_trials_exp_1_05.11.2018_fo4
1584;19.62;kit_trials_exp_1_05.11.2018_fo4
1585;19.62;kit_trials_exp_1_05.11.2018_fo4
1586;19.91;kit_trials_exp_1_05.11.2018_fo4
1587;19.91;kit_trials_exp_1_05.11.2018_fo4
1588;20.11;kit_trials_exp_1_05.11.2018_fo4
1589;20.11;kit_trials_exp_1_05.11.2018_fo4
1590;19.82;kit_trials_exp_1_05.11.2018_fo4
1591;19.82;kit_trials_exp_1_05.11.2018_fo4
1592;19.92;kit_trials_exp_1_05.11.2018_fo4
1593;19.92;kit_trials_exp_1_05.11.2018_fo4
1594;19.91;kit_trials_exp_1_05.11.2018_fo4
1595;19.91;kit_trials_exp_1_05.11.2018_fo4
1596;19.71;kit_trials_exp_1_05.11.2018_fo4
1597;19.71;kit_trials_exp_1_05.11.2018_fo4
1598;20.34;kit_trials_exp_1_05.11.2018_fo4
1599;20.34;kit_trials_exp_1_05.11.2018_fo4
1600;19.82;kit_trials_exp_1_05.11.2018_fo4
1601;19.82;kit_trials_exp_1_05.11.2018_fo4
1602;20.19;kit_trials_exp_1_05.11.2018_fo4
1603;20.19;kit_trials_exp_1_05.11.2018_fo4
1604;19.92;kit_trials_exp_1_05.11.2018_fo4
1605;19.92;kit_trials_exp_1_05.11.2018_fo4
1606;19.29;kit_trials_exp_1_05.11.2018_fo4
1607;19.29;kit_trials_exp_1_05.11.2018_fo4
1608;20.02;kit_trials_exp_1_05.11.2018_fo4
1609;20.02;kit_trials_exp_1_05.11.2018_fo4
1610;20.36;kit_trials_exp_1_05.11.2018_fo4
1611;20.36;kit_trials_exp_1_05.11.2018_fo4
1612;19.62;kit_trials_exp_1_05.11.2018_fo4
1613;19.62;kit_trials_exp_1_05.11.2018_fo4
1614;19.4;kit_trials_exp_1_05.11.2018_fo4
1615;19.4;kit_trials_exp_1_05.11.2018_fo4
1616;20.33;kit_trials_exp_1_05.11.2018_fo4
1617;20.33;kit_trials_exp_1_05.11.2018_fo4
1618;20.02;kit_trials_exp_1_05.11.2018_fo4
1619;20.02;kit_trials_exp_1_05.11.2018_fo4
1620;19.92;kit_trials_exp_1_05.11.2018_fo4
1621;19.92;kit_trials_exp_1_05.11.2018_fo4
1622;19.92;kit_trials_exp_1_05.11.2018_fo4
1623;20.02;kit_trials_exp_1_05.11.2018_fo4
1624;20.02;kit_trials_exp_1_05.11.2018_fo4
1625;20.33;kit_trials_exp_1_05.11.2018_fo4
1626;20.33;kit_trials_exp_1_05.11.2018_fo4
1627;19.52;kit_trials_exp_1_05.11.2018_fo4
1628;19.52;kit_trials_exp_1_05.11.2018_fo4
1629;19.61;kit_trials_exp_1_05.11.2018_fo4
1630;19.61;kit_trials_exp_1_05.11.2018_fo4
1631;19.83;kit_trials_exp_1_05.11.2018_fo4
1632;19.83;kit_trials_exp_1_05.11.2018_fo4
1633;19.61;kit_trials_exp_1_05.11.2018_fo4
1634;19.61;kit_trials_exp_1_05.11.2018_fo4
1635;19.5;kit_trials_exp_1_05.11.2018_fo4
1636;19.5;kit_trials_exp_1_05.11.2018_fo4
1637;19.41;kit_trials_exp_1_05.11.2018_fo4
1638;19.41;kit_trials_exp_1_05.11.2018_fo4
1639;19.83;kit_trials_exp_1_05.11.2018_fo4
1640;19.83;kit_trials_exp_1_05.11.2018_fo4
1641;20.33;kit_trials_exp_1_05.11.2018_fo4
1642;20.33;kit_trials_exp_1_05.11.2018_fo4
1643;19.5;kit_trials_exp_1_05.11.2018_fo4
1644;19.5;kit_trials_exp_1_05.11.2018_fo4
1645;19.21;kit_trials_exp_1_05.11.2018_fo4
1646;19.21;kit_trials_exp_1_05.11.2018_fo4
1647;19.91;kit_trials_exp_1_05.11.2018_fo4
1648;19.91;kit_trials_exp_1_05.11.2018_fo4
1649;19.4;kit_trials_exp_1_05.11.2018_fo4
1650;19.4;kit_trials_exp_1_05.11.2018_fo4
1651;19.5;kit_trials_exp_1_05.11.2018_fo4
1652;19.5;kit_trials_exp_1_05.11.2018_fo4
1653;19.62;kit_trials_exp_1_05.11.2018_fo4
1654;19.62;kit_trials_exp_1_05.11.2018_fo4
1655;19.62;kit_trials_exp_1_05.11.2018_fo4
1656;19.62;kit_trials_exp_1_05.11.2018_fo4
1657;19.71;kit_trials_exp_1_05.11.2018_fo4
1658;19.71;kit_trials_exp_1_05.11.2018_fo4
1659;20.02;kit_trials_exp_1_05.11.2018_fo4
1660;20.02;kit_trials_exp_1_05.11.2018_fo4
1661;19.5;kit_trials_exp_1_05.11.2018_fo4
1662;19.5;kit_trials_exp_1_05.11.2018_fo4
1663;19.41;kit_trials_exp_1_05.11.2018_fo4
1664;19.41;kit_trials_exp_1_05.11.2018_fo4
1665;19.73;kit_trials_exp_1_05.11.2018_fo4
1666;19.73;kit_trials_exp_1_05.11.2018_fo4
1667;20.02;kit_trials_exp_1_05.11.2018_fo4
1668;20.02;kit_trials_exp_1_05.11.2018_fo4
1669;19.71;kit_trials_exp_1_05.11.2018_fo4
1670;19.71;kit_trials_exp_1_05.11.2018_fo4
1671;19.81;kit_trials_exp_1_05.11.2018_fo4
1672;19.81;kit_trials_exp_1_05.11.2018_fo4
1673;19.81;kit_trials_exp_1_05.11.2018_fo4
1674;19.73;kit_trials_exp_1_05.11.2018_fo4
1675;19.73;kit_trials_exp_1_05.11.2018_fo4
1676;19.29;kit_trials_exp_1_05.11.2018_fo4
1677;19.29;kit_trials_exp_1_05.11.2018_fo4
1678;19.62;kit_trials_exp_1_05.11.2018_fo4
1679;19.62;kit_trials_exp_1_05.11.2018_fo4
1680;18.88;kit_trials_exp_1_05.11.2018_fo4
1681;18.88;kit_trials_exp_1_05.11.2018_fo4
1682;19.5;kit_trials_exp_1_05.11.2018_fo4
1683;19.5;kit_trials_exp_1_05.11.2018_fo4
1684;19.21;kit_trials_exp_1_05.11.2018_fo4
1685;19.21;kit_trials_exp_1_05.11.2018_fo4
1686;19.62;kit_trials_exp_1_05.11.2018_fo4
1687;19.62;kit_trials_exp_1_05.11.2018_fo4
1688;19.91;kit_trials_exp_1_05.11.2018_fo4
1689;19.91;kit_trials_exp_1_05.11.2018_fo4
1690;19.83;kit_trials_exp_1_05.11.2018_fo4
1691;19.83;kit_trials_exp_1_05.11.2018_fo4
1692;20.44;kit_trials_exp_1_05.11.2018_fo4
1693;20.44;kit_trials_exp_1_05.11.2018_fo4
1694;19.5;kit_trials_exp_1_05.11.2018_fo4
1695;19.5;kit_trials_exp_1_05.11.2018_fo4
1696;19.82;kit_trials_exp_1_05.11.2018_fo4
1697;19.82;kit_trials_exp_1_05.11.2018_fo4
1698;18.99;kit_trials_exp_1_05.11.2018_fo4
1699;18.99;kit_trials_exp_1_05.11.2018_fo4
1700;19.62;kit_trials_exp_1_05.11.2018_fo4
1701;19.62;kit_trials_exp_1_05.11.2018_fo4
1702;19.09;kit_trials_exp_1_05.11.2018_fo4
1703;19.09;kit_trials_exp_1_05.11.2018_fo4
1704;19.5;kit_trials_exp_1_05.11.2018_fo4
1705;19.5;kit_trials_exp_1_05.11.2018_fo4
1706;18.99;kit_trials_exp_1_05.11.2018_fo4
1707;18.99;kit_trials_exp_1_05.11.2018_fo4
1708;19.71;kit_trials_exp_1_05.11.2018_fo4
1709;19.71;kit_trials_exp_1_05.11.2018_fo4
1710;19.41;kit_trials_exp_1_05.11.2018_fo4
1711;19.41;kit_trials_exp_1_05.11.2018_fo4
1712;19.41;kit_trials_exp_1_05.11.2018_fo4
1713;19.2;kit_trials_exp_1_05.11.2018_fo4
1714;19.2;kit_trials_exp_1_05.11.2018_fo4
1715;19.2;kit_trials_exp_1_05.11.2018_fo4
1716;19.2;kit_trials_exp_1_05.11.2018_fo4
1717;19.25;kit_trials_exp_1_05.11.2018_fo4
1718;19.25;kit_trials_exp_1_05.11.2018_fo4
1719;19.41;kit_trials_exp_1_05.11.2018_fo4
1720;18.88;kit_trials_exp_1_05.11.2018_fo4
1721;18.88;kit_trials_exp_1_05.11.2018_fo4
1722;19.41;kit_trials_exp_1_05.11.2018_fo4
1723;19.41;kit_trials_exp_1_05.11.2018_fo4
1724;19.29;kit_trials_exp_1_05.11.2018_fo4
1725;19.29;kit_trials_exp_1_05.11.2018_fo4
1726;19.29;kit_trials_exp_1_05.11.2018_fo4
1727;19.29;kit_trials_exp_1_05.11.2018_fo4
1728;19.2;kit_trials_exp_1_05.11.2018_fo4
1729;19.2;kit_trials_exp_1_05.11.2018_fo4
1730;19.2;kit_trials_exp_1_05.11.2018_fo4
1731;18.79;kit_trials_exp_1_05.11.2018_fo4
1732;18.79;kit_trials_exp_1_05.11.2018_fo4
1733;19.41;kit_trials_exp_1_05.11.2018_fo4
1734;19.41;kit_trials_exp_1_05.11.2018_fo4
1735;19.5;kit_trials_exp_1_05.11.2018_fo4
1736;19.5;kit_trials_exp_1_05.11.2018_fo4
1737;19.61;kit_trials_exp_1_05.11.2018_fo4
1738;19.61;kit_trials_exp_1_05.11.2018_fo4
1739;19.29;kit_trials_exp_1_05.11.2018_fo4
1740;19.29;kit_trials_exp_1_05.11.2018_fo4
1741;19.09;kit_trials_exp_1_05.11.2018_fo4
1742;19.09;kit_trials_exp_1_05.11.2018_fo4
1743;19.5;kit_trials_exp_1_05.11.2018_fo4
1744;19.5;kit_trials_exp_1_05.11.2018_fo4
1745;19.5;kit_trials_exp_1_05.11.2018_fo4
1746;19.5;kit_trials_exp_1_05.11.2018_fo4
1747;19.6;kit_trials_exp_1_05.11.2018_fo4
1748;19.6;kit_trials_exp_1_05.11.2018_fo4
1749;19.5;kit_trials_exp_1_05.11.2018_fo4
1750;19.5;kit_trials_exp_1_05.11.2018_fo4
1751;19.15;kit_trials_exp_1_05.11.2018_fo4
1752;19.15;kit_trials_exp_1_05.11.2018_fo4
1753;19.09;kit_trials_exp_1_05.11.2018_fo4
1754;19.09;kit_trials_exp_1_05.11.2018_fo4
1755;19.62;kit_trials_exp_1_05.11.2018_fo4
1756;19.62;kit_trials_exp_1_05.11.2018_fo4
1757;19.09;kit_trials_exp_1_05.11.2018_fo4
1758;19.09;kit_trials_exp_1_05.11.2018_fo4
1759;19.1;kit_trials_exp_1_05.11.2018_fo4
1760;19.1;kit_trials_exp_1_05.11.2018_fo4
1761;19.5;kit_trials_exp_1_05.11.2018_fo4
1762;19.5;kit_trials_exp_1_05.11.2018_fo4
1763;19.29;kit_trials_exp_1_05.11.2018_fo4
1764;19.29;kit_trials_exp_1_05.11.2018_fo4
1765;19.21;kit_trials_exp_1_05.11.2018_fo4
1766;19.21;kit_trials_exp_1_05.11.2018_fo4
1767;19.62;kit_trials_exp_1_05.11.2018_fo4
1768;19.62;kit_trials_exp_1_05.11.2018_fo4
1769;19.5;kit_trials_exp_1_05.11.2018_fo4
1770;19.5;kit_trials_exp_1_05.11.2018_fo4
1771;19.61;kit_trials_exp_1_05.11.2018_fo4
1772;19.61;kit_trials_exp_1_05.11.2018_fo4
1773;19.21;kit_trials_exp_1_05.11.2018_fo4
1774;19.21;kit_trials_exp_1_05.11.2018_fo4
1775;19.5;kit_trials_exp_1_05.11.2018_fo4
1776;19.5;kit_trials_exp_1_05.11.2018_fo4
1777;19.31;kit_trials_exp_1_05.11.2018_fo4
1778;19.31;kit_trials_exp_1_05.11.2018_fo4
1779;19.31;kit_trials_exp_1_05.11.2018_fo4
1780;18.99;kit_trials_exp_1_05.11.2018_fo4
1781;18.99;kit_trials_exp_1_05.11.2018_fo4
1782;19.21;kit_trials_exp_1_05.11.2018_fo4
1783;19.21;kit_trials_exp_1_05.11.2018_fo4
1784;19.4;kit_trials_exp_1_05.11.2018_fo4
1785;19.4;kit_trials_exp_1_05.11.2018_fo4
1786;18.66;kit_trials_exp_1_05.11.2018_fo4
1787;18.66;kit_trials_exp_1_05.11.2018_fo4
1788;18.88;kit_trials_exp_1_05.11.2018_fo4
1789;18.88;kit_trials_exp_1_05.11.2018_fo4
1790;18.88;kit_trials_exp_1_05.11.2018_fo4
1791;18.88;kit_trials_exp_1_05.11.2018_fo4
1792;19.52;kit_trials_exp_1_05.11.2018_fo4
1793;19.52;kit_trials_exp_1_05.11.2018_fo4
1794;19.31;kit_trials_exp_1_05.11.2018_fo4
1795;19.31;kit_trials_exp_1_05.11.2018_fo4
1796;19.09;kit_trials_exp_1_05.11.2018_fo4
1797;19.09;kit_trials_exp_1_05.11.2018_fo4
1798;19.2;kit_trials_exp_1_05.11.2018_fo4
1799;19.2;kit_trials_exp_1_05.11.2018_fo4
1800;19.41;kit_trials_exp_1_05.11.2018_fo4
1801;19.41;kit_trials_exp_1_05.11.2018_fo4
1802;19.62;kit_trials_exp_1_05.11.2018_fo4
1803;19.62;kit_trials_exp_1_05.11.2018_fo4
1804;19.62;kit_trials_exp_1_05.11.2018_fo4
1805;19.62;kit_trials_exp_1_05.11.2018_fo4
1806;19.62;kit_trials_exp_1_05.11.2018_fo4
1807;19.62;kit_trials_exp_1_05.11.2018_fo4
1808;19.62;kit_trials_exp_1_05.11.2018_fo4
1809;19.5;kit_trials_exp_1_05.11.2018_fo4
1810;19.5;kit_trials_exp_1_05.11.2018_fo4
1811;19.09;kit_trials_exp_1_05.11.2018_fo4
1812;19.09;kit_trials_exp_1_05.11.2018_fo4
1813;19.5;kit_trials_exp_1_05.11.2018_fo4
1814;19.5;kit_trials_exp_1_05.11.2018_fo4
1815;19.5;kit_trials_exp_1_05.11.2018_fo4
1816;19.5;kit_trials_exp_1_05.11.2018_fo4
1817;18.99;kit_trials_exp_1_05.11.2018_fo4
1818;18.99;kit_trials_exp_1_05.11.2018_fo4
1819;19.5;kit_trials_exp_1_05.11.2018_fo4
1820;19.5;kit_trials_exp_1_05.11.2018_fo4
1821;19.41;kit_trials_exp_1_05.11.2018_fo4
1822;19.41;kit_trials_exp_1_05.11.2018_fo4
1823;19.61;kit_trials_exp_1_05.11.2018_fo4
1824;19.61;kit_trials_exp_1_05.11.2018_fo4
1825;19.1;kit_trials_exp_1_05.11.2018_fo4
1826;19.1;kit_trials_exp_1_05.11.2018_fo4
1827;19.5;kit_trials_exp_1_05.11.2018_fo4
1828;19.5;kit_trials_exp_1_05.11.2018_fo4
1829;18.68;kit_trials_exp_1_05.11.2018_fo4
1830;18.68;kit_trials_exp_1_05.11.2018_fo4
1831;19.61;kit_trials_exp_1_05.11.2018_fo4
1832;19.61;kit_trials_exp_1_05.11.2018_fo4
1833;19.29;kit_trials_exp_1_05.11.2018_fo4
1834;19.29;kit_trials_exp_1_05.11.2018_fo4
1835;19.29;kit_trials_exp_1_05.11.2018_fo4
1836;19.29;kit_trials_exp_1_05.11.2018_fo4
1837;18.57;kit_trials_exp_1_05.11.2018_fo4
1838;18.57;kit_trials_exp_1_05.11.2018_fo4
1839;18.99;kit_trials_exp_1_05.11.2018_fo4
1840;18.99;kit_trials_exp_1_05.11.2018_fo4
1841;18.99;kit_trials_exp_1_05.11.2018_fo4
